generation,best,worst,bestEver,temperature
1,31244.2,31896.3,31244.2,1500
2,30861.4,31883.7,30861.4,1492.5
3,30808.8,31444.1,30808.8,1485.04
4,30774.8,31509.3,30774.8,1477.61
5,29876.5,30988.1,29876.5,1470.22
6,29632.9,30310.2,29632.9,1462.87
7,28172.2,31229.5,28172.2,1455.56
8,27816,29475.2,27816,1448.28
9,27924.5,29056.2,27816,1441.04
10,26922,28642.8,26922,1433.83
11,26428,28418.7,26428,1426.67
12,25790.6,27423.8,25790.6,1419.53
13,25227.9,28488.3,25227.9,1412.43
14,24160.2,25191.2,24160.2,1405.37
15,23947,25482.4,23947,1398.35
16,22829.4,25370.8,22829.4,1391.35
17,22943.8,24015.5,22829.4,1384.4
18,22904.5,24064.8,22829.4,1377.47
19,22852.4,24740,22829.4,1370.59
20,22637.1,23665.2,22637.1,1363.73
21,22660.5,25208.4,22637.1,1356.92
22,22493.9,24012.3,22493.9,1350.13
23,21714.9,23662,21714.9,1343.38
24,21531.9,22559.5,21531.9,1336.66
25,21531.9,22334,21531.9,1329.98
26,21072.3,22993.8,21072.3,1323.33
27,21190.6,23317.9,21072.3,1316.71
28,21185.5,22736.5,21072.3,1310.13
29,21284,22824.9,21072.3,1303.58
30,21412.1,23894.3,21072.3,1297.06
31,20930.3,22243.8,20930.3,1290.58
32,21032.5,23195.6,20930.3,1284.12
33,21109.6,23688.8,20930.3,1277.7
34,21853.1,22637.5,20930.3,1271.31
35,21853.1,23024,20930.3,1264.96
36,22432.8,23202,20930.3,1258.63
37,22429.8,24832.2,20930.3,1252.34
38,22276.1,24359.5,20930.3,1246.08
39,22348.6,24306.5,20930.3,1239.85
40,21697,23745.8,20930.3,1233.65
41,21580.4,23431.3,20930.3,1227.48
42,21347,22620.8,20930.3,1221.34
43,20426.3,23367.5,20426.3,1215.24
44,20353.3,21744.8,20353.3,1209.16
45,20350.7,21637.7,20350.7,1203.11
46,20290.6,21845.6,20290.6,1197.1
47,20175.5,20873.3,20175.5,1191.11
48,20296.7,20969.3,20175.5,1185.16
49,20160.4,23097.7,20160.4,1179.23
50,20511.2,20868.6,20160.4,1173.34
51,20341.2,21057.9,20160.4,1167.47
52,20206.2,21116.8,20160.4,1161.63
53,20135.9,21975.1,20135.9,1155.82
54,20041.6,22788.6,20041.6,1150.04
55,19950.5,21175.7,19950.5,1144.29
56,20060,22259.6,19950.5,1138.57
57,19355.2,21179.4,19355.2,1132.88
58,19522,20966.3,19355.2,1127.22
59,19194.5,22701.5,19194.5,1121.58
60,19157.9,22073.4,19157.9,1115.97
61,19736,22118.2,19157.9,1110.39
62,20611.7,22198.5,19157.9,1104.84
63,20235,21193.8,19157.9,1099.32
64,20800.2,23649.9,19157.9,1093.82
65,21028.2,23427.7,19157.9,1088.35
66,21159.7,23122.2,19157.9,1082.91
67,21159.7,22888.2,19157.9,1077.49
68,21446.6,23058.3,19157.9,1072.11
69,21314.6,23082.3,19157.9,1066.75
70,21048.4,23884.4,19157.9,1061.41
71,21048.4,22888.1,19157.9,1056.1
72,20459,22858.1,19157.9,1050.82
73,19877.8,25322.2,19157.9,1045.57
74,19752.2,22890.1,19157.9,1040.34
75,19160.5,20682,19157.9,1035.14
76,18975.8,19878.7,18975.8,1029.96
77,19142.5,21817.2,18975.8,1024.81
78,18574.3,19799.6,18574.3,1019.69
79,18165.2,21359,18165.2,1014.59
80,18516.7,21002.3,18165.2,1009.52
81,18609.3,22501.8,18165.2,1004.47
82,18927.6,21633.4,18165.2,999.45
83,18863.4,20507.1,18165.2,994.452
84,18834.8,19690.8,18165.2,989.48
85,18718.2,20696.5,18165.2,984.533
86,18541.8,19974,18165.2,979.61
87,18294.9,19795.4,18165.2,974.712
88,18094.8,19184.5,18094.8,969.838
89,18094.8,19394.7,18094.8,964.989
90,18183.4,19687.1,18094.8,960.164
91,18224.8,21501.9,18094.8,955.363
92,18078.7,19851.7,18078.7,950.587
93,18191,20181.5,18078.7,945.834
94,18856.6,19051.3,18078.7,941.104
95,18952.1,20608.4,18078.7,936.399
96,18575.1,21215.7,18078.7,931.717
97,18012.7,20207,18012.7,927.058
98,17917.2,20447.7,17917.2,922.423
99,17787.4,20243.7,17787.4,917.811
100,17377.9,21153.1,17377.9,913.222
101,17587.7,18856.7,17377.9,908.656
102,17951.6,20554.4,17377.9,904.113
103,18409.4,21010.4,17377.9,899.592
104,18469.9,20096,17377.9,895.094
105,18257.1,19966.7,17377.9,890.619
106,18008.8,18567.1,17377.9,886.165
107,18027.3,20810,17377.9,881.735
108,17950,19724,17377.9,877.326
109,17865.4,19175.2,17377.9,872.939
110,17860.5,19439.8,17377.9,868.575
111,17914.8,22156.1,17377.9,864.232
112,17914.8,21634.9,17377.9,859.911
113,18007.4,19276.7,17377.9,855.611
114,18277.6,21156.1,17377.9,851.333
115,18439.1,21085.8,17377.9,847.076
116,18412.7,19569.1,17377.9,842.841
117,18681.1,21870.1,17377.9,838.627
118,18158,20103.7,17377.9,834.434
119,18207.4,21386.2,17377.9,830.261
120,18285,19138.7,17377.9,826.11
121,18131.2,21533.5,17377.9,821.98
122,17971.8,19640,17377.9,817.87
123,17971.8,18828.5,17377.9,813.78
124,18112,19900.2,17377.9,809.711
125,18112,23268.5,17377.9,805.663
126,18077.6,20630.4,17377.9,801.635
127,17618.6,18700.7,17377.9,797.626
128,17732.6,20286.5,17377.9,793.638
129,18045.5,19861.3,17377.9,789.67
130,18045.5,19235.7,17377.9,785.722
131,17880.3,20174.3,17377.9,781.793
132,17873.3,18733.6,17377.9,777.884
133,17829,20101.4,17377.9,773.995
134,17829,20054.9,17377.9,770.125
135,17700.6,18681.4,17377.9,766.274
136,17338,19729.5,17338,762.443
137,17338,19195.8,17338,758.631
138,17215.5,19461.2,17215.5,754.837
139,17324.5,18976,17215.5,751.063
140,17078.4,19682.8,17078.4,747.308
141,17078.4,18637,17078.4,743.571
142,16733.5,21045.8,16733.5,739.854
143,16721.8,18624.9,16721.8,736.154
144,16524.3,18929.7,16524.3,732.474
145,16431.9,18063.4,16431.9,728.811
146,17140.2,17435.1,16431.9,725.167
147,16697.7,20769.9,16431.9,721.541
148,16651.9,19984.7,16431.9,717.934
149,17112.2,20098.8,16431.9,714.344
150,17244.5,20421.3,16431.9,710.772
151,17205.7,18956.6,16431.9,707.218
152,16935.8,20089.7,16431.9,703.682
153,16988.6,20554.9,16431.9,700.164
154,17091.6,18542.9,16431.9,696.663
155,17092.5,18769,16431.9,693.18
156,17265.4,18072,16431.9,689.714
157,17265.4,19026.5,16431.9,686.265
158,17271.9,18793.8,16431.9,682.834
159,17161.6,20301.4,16431.9,679.42
160,17409,19658.8,16431.9,676.023
161,17398.2,19174.7,16431.9,672.643
162,17545.5,19050.1,16431.9,669.279
163,17839.8,20041.4,16431.9,665.933
164,18076.7,20369.4,16431.9,662.603
165,16296.3,20225.1,16296.3,659.29
166,16156.9,17686.8,16156.9,655.994
167,16327.9,18757.4,16156.9,652.714
168,16459,19464.7,16156.9,649.45
169,16424.5,17999.9,16156.9,646.203
170,16144.8,18092.3,16144.8,642.972
171,16020.2,17355.3,16020.2,639.757
172,15881.4,18103.8,15881.4,636.558
173,15881.4,18528.5,15881.4,633.376
174,15784.9,18340.4,15784.9,630.209
175,16465.3,19006.6,15784.9,627.058
176,16143.2,19895.7,15784.9,623.922
177,16082.1,18939,15784.9,620.803
178,16181.9,17823.8,15784.9,617.699
179,15859.9,19911.3,15784.9,614.61
180,15327.6,17772,15327.6,611.537
181,15241.7,17544.5,15241.7,608.48
182,15252.5,17323.1,15241.7,605.437
183,15261.2,18083.3,15241.7,602.41
184,15261.2,17307.1,15241.7,599.398
185,15028.2,16561.4,15028.2,596.401
186,14966,17775.1,14966,593.419
187,14871.1,16718.8,14871.1,590.452
188,14629.4,17639.4,14629.4,587.5
189,14653.9,17217.2,14629.4,584.562
190,14702,15430.1,14629.4,581.639
191,14782,17998.1,14629.4,578.731
192,14747.1,16491.5,14629.4,575.837
193,14699,16801.5,14629.4,572.958
194,14831,15696.1,14629.4,570.093
195,14838.8,18378,14629.4,567.243
196,14842.6,17808.8,14629.4,564.407
197,14842.6,17667.6,14629.4,561.585
198,14842.6,17149.7,14629.4,558.777
199,14855.5,16219.3,14629.4,555.983
200,14920.9,17000.6,14629.4,553.203
201,14721.5,17844.6,14629.4,550.437
202,14826.7,16963.3,14629.4,547.685
203,14826.7,18382.6,14629.4,544.946
204,14826.7,15526.9,14629.4,542.222
205,15665,17789.5,14629.4,539.511
206,15657.5,17561.8,14629.4,536.813
207,16268.4,18367.8,14629.4,534.129
208,16289.1,17328.8,14629.4,531.458
209,16446.7,18330.4,14629.4,528.801
210,16289.1,19807.8,14629.4,526.157
211,16289.1,17899.6,14629.4,523.526
212,16695.7,19070.5,14629.4,520.909
213,16695.7,19740.6,14629.4,518.304
214,16695.7,20269,14629.4,515.713
215,16430,19357.3,14629.4,513.134
216,16858.9,18127,14629.4,510.568
217,16744.9,19933,14629.4,508.015
218,16744.9,19190.7,14629.4,505.475
219,16070.3,19031,14629.4,502.948
220,16291.7,19626.2,14629.4,500.433
221,16238.1,17967.1,14629.4,497.931
222,16330.2,18371.7,14629.4,495.441
223,16075.5,18796.9,14629.4,492.964
224,16075.5,18847.9,14629.4,490.499
225,16075.5,17839.9,14629.4,488.047
226,16302.1,17877.5,14629.4,485.607
227,16275.4,17938.3,14629.4,483.179
228,16230.8,19838.5,14629.4,480.763
229,16285.9,20511.1,14629.4,478.359
230,16279.3,17912.4,14629.4,475.967
231,16724.2,19473.6,14629.4,473.587
232,16917.7,19844.4,14629.4,471.219
233,16913.6,17740.5,14629.4,468.863
234,16860.7,18361.7,14629.4,466.519
235,17515.2,20466.9,14629.4,464.186
236,18002.6,19829.4,14629.4,461.866
237,17703.8,21883.5,14629.4,459.556
238,17403.2,20149.4,14629.4,457.258
239,16966.2,19897.5,14629.4,454.972
240,17104.1,18244,14629.4,452.697
241,17040.9,20525.9,14629.4,450.434
242,17037,19058.9,14629.4,448.182
243,17085.1,19486.4,14629.4,445.941
244,16841.7,18503.7,14629.4,443.711
245,16841.7,19350.8,14629.4,441.492
246,16703.8,18439.9,14629.4,439.285
247,16419,18657.6,14629.4,437.089
248,16419,18509.3,14629.4,434.903
249,16190.7,18216.8,14629.4,432.729
250,16049.9,17531.1,14629.4,430.565
251,16116.1,19586.8,14629.4,428.412
252,16046.9,18323.8,14629.4,426.27
253,15789.8,18475.5,14629.4,424.139
254,15674.8,18615.8,14629.4,422.018
255,16068.9,17466,14629.4,419.908
256,16068.9,20104.5,14629.4,417.808
257,16068.9,17869.9,14629.4,415.719
258,15909.7,17468.6,14629.4,413.641
259,15916.4,17565.5,14629.4,411.573
260,15789.5,17124.4,14629.4,409.515
261,16788.1,17503.8,14629.4,407.467
262,16762.5,18332.4,14629.4,405.43
263,16538.6,19454.3,14629.4,403.403
264,16712.3,19327.9,14629.4,401.386
265,16402.2,18170.3,14629.4,399.379
266,15917.7,17146.2,14629.4,397.382
267,15732.3,16942.9,14629.4,395.395
268,15771.9,18938.6,14629.4,393.418
269,15913.2,18325.5,14629.4,391.451
270,15977.1,18181.3,14629.4,389.494
271,16955.4,20216.7,14629.4,387.546
272,16955.4,19670.7,14629.4,385.608
273,16920.6,19283.6,14629.4,383.68
274,16920.6,19918.1,14629.4,381.762
275,16933.5,19519.5,14629.4,379.853
276,16548.1,19424.5,14629.4,377.954
277,16548.1,19861.5,14629.4,376.064
278,16548.1,19463.5,14629.4,374.184
279,16548.1,18081.2,14629.4,372.313
280,17101.4,19499.5,14629.4,370.451
281,17101.4,19667,14629.4,368.599
282,17331.2,18668.4,14629.4,366.756
283,17330.9,19668.6,14629.4,364.922
284,17312.9,19545.7,14629.4,363.098
285,17124.6,18846.7,14629.4,361.282
286,17124.6,19331.1,14629.4,359.476
287,16902.5,20270,14629.4,357.678
288,16229.8,17711.9,14629.4,355.89
289,16229.8,19926.3,14629.4,354.111
290,16229.8,18867.7,14629.4,352.34
291,16243.8,18565.3,14629.4,350.578
292,16243.8,20144.2,14629.4,348.826
293,15888.9,18691.8,14629.4,347.081
294,15888.9,18249,14629.4,345.346
295,15841.1,17669.2,14629.4,343.619
296,15841.1,19287.4,14629.4,341.901
297,16218.1,19133,14629.4,340.192
298,16218.1,18552.5,14629.4,338.491
299,16153.7,18861,14629.4,336.798
300,15490.1,17438.5,14629.4,335.114
301,15651.2,16555.7,14629.4,333.439
302,15479.1,17216.5,14629.4,331.771
303,15398.9,16940.7,14629.4,330.113
304,15425.5,16882.7,14629.4,328.462
305,15425.5,17255.1,14629.4,326.82
306,15408.2,18484,14629.4,325.186
307,15225.2,18179.9,14629.4,323.56
308,15225.2,17024.5,14629.4,321.942
309,15277.2,18995.2,14629.4,320.332
310,15110.2,17204.4,14629.4,318.731
311,15110.2,17705.4,14629.4,317.137
312,15181.1,17037.3,14629.4,315.551
313,14712.6,17102.4,14629.4,313.973
314,14712.6,16453.3,14629.4,312.404
315,14712.6,18327.4,14629.4,310.842
316,14712.6,17424.7,14629.4,309.287
317,14712.6,17677.4,14629.4,307.741
318,14650.7,16940.1,14629.4,306.202
319,14633.5,17557.9,14629.4,304.671
320,14633.5,17300.4,14629.4,303.148
321,14029.7,16509.7,14029.7,301.632
322,14029.7,17624.3,14029.7,300.124
323,14029.7,16985.1,14029.7,298.623
324,14029.7,16926.7,14029.7,297.13
325,13876,15871.5,13876,295.645
326,13876,17061.1,13876,294.166
327,13876,16508.9,13876,292.696
328,13876,16324.4,13876,291.232
329,13755.6,16889.4,13755.6,289.776
330,13755.6,15472.4,13755.6,288.327
331,13681.4,14856.1,13681.4,286.885
332,13681.4,17719.3,13681.4,285.451
333,13600.3,15351.3,13600.3,284.024
334,13614.5,17427.7,13600.3,282.604
335,13454.2,15608.3,13454.2,281.191
336,13451.8,17130.7,13451.8,279.785
337,13693.3,17808.7,13451.8,278.386
338,13699.1,16650.8,13451.8,276.994
339,13720.4,16902.7,13451.8,275.609
340,13720.4,16794.6,13451.8,274.231
341,13720.4,17247.9,13451.8,272.86
342,13636,14738.9,13451.8,271.495
343,13636,17574.5,13451.8,270.138
344,13636,16839.5,13451.8,268.787
345,13643.6,15225.6,13451.8,267.443
346,13636,16816.9,13451.8,266.106
347,13636,16096.9,13451.8,264.776
348,13636,17314,13451.8,263.452
349,13656.4,16543.2,13451.8,262.134
350,13913.1,15243,13451.8,260.824
351,13993.4,16229.5,13451.8,259.52
352,14050.1,16210.2,13451.8,258.222
353,14050.1,17063.5,13451.8,256.931
354,14172.4,15332.9,13451.8,255.646
355,14184,17784.8,13451.8,254.368
356,14036,16149.7,13451.8,253.096
357,14113.3,17314.7,13451.8,251.831
358,14007.7,18880.3,13451.8,250.572
359,14007.7,15541.9,13451.8,249.319
360,14007.7,17223.3,13451.8,248.072
361,13779.3,16510.1,13451.8,246.832
362,13779.3,17179,13451.8,245.598
363,13760.8,15724.8,13451.8,244.37
364,13784.6,15747,13451.8,243.148
365,13897.8,15953.3,13451.8,241.932
366,13777.4,15634.9,13451.8,240.722
367,13777.4,16253.6,13451.8,239.519
368,13470.7,15126.9,13451.8,238.321
369,13470.7,16227.5,13451.8,237.13
370,13470.7,16925.2,13451.8,235.944
371,13470.7,16120.2,13451.8,234.764
372,13470.7,15970.2,13451.8,233.59
373,13670.7,15011.4,13451.8,232.422
374,14124.9,15818.7,13451.8,231.26
375,14165.9,16231.6,13451.8,230.104
376,14165.9,15935.4,13451.8,228.954
377,14379.7,15777.5,13451.8,227.809
378,14253.7,16749.9,13451.8,226.67
379,14253.7,16112.7,13451.8,225.536
380,14356.2,16232.9,13451.8,224.409
381,14147.4,17536.1,13451.8,223.287
382,14520.2,15622.3,13451.8,222.17
383,14223.9,18223.6,13451.8,221.059
384,14223.9,16946,13451.8,219.954
385,13653,16510.2,13451.8,218.854
386,13653,16746.7,13451.8,217.76
387,13577,17280.1,13451.8,216.671
388,13540,17767.8,13451.8,215.588
389,13540,16749.6,13451.8,214.51
390,13468.9,15801,13451.8,213.437
391,13469.2,16450.1,13451.8,212.37
392,13469.2,16891.4,13451.8,211.308
393,13469.2,16204.8,13451.8,210.252
394,13469.2,16141.1,13451.8,209.201
395,13427.7,16469.9,13427.7,208.155
396,13427.7,16827.5,13427.7,207.114
397,13427.7,16886.2,13427.7,206.078
398,13462.4,16380.4,13427.7,205.048
399,13462.4,16134.3,13427.7,204.023
400,13353.9,17235,13353.9,203.002
401,13353.9,17138.2,13353.9,201.987
402,13403.5,17617.1,13353.9,200.978
403,13403.5,15664.5,13353.9,199.973
404,13407.1,16766.8,13353.9,198.973
405,13407.1,17106.3,13353.9,197.978
406,13407.1,15863.1,13353.9,196.988
407,13788.4,15690.7,13353.9,196.003
408,13193.1,16923.8,13193.1,195.023
409,13193.1,15793.6,13193.1,194.048
410,13193.1,15491.7,13193.1,193.078
411,13193.1,15484.7,13193.1,192.112
412,13193.1,17276.9,13193.1,191.152
413,13193.1,15650.3,13193.1,190.196
414,13193.1,15922.2,13193.1,189.245
415,13193.1,16053.8,13193.1,188.299
416,13321.2,14692.3,13193.1,187.357
417,13103,18732.8,13103,186.421
418,13141.8,16003.8,13103,185.488
419,13141.8,15533,13103,184.561
420,13141.8,16617,13103,183.638
421,13471.1,16534.3,13103,182.72
422,13471.1,17504.2,13103,181.806
423,13448.4,16917.4,13103,180.897
424,13448.4,17232.5,13103,179.993
425,13451.9,13894.1,13103,179.093
426,13453.9,15278,13103,178.197
427,13451.9,16796.5,13103,177.306
428,13451.9,15959.3,13103,176.42
429,13678.3,16028.5,13103,175.538
430,13678.3,15201.6,13103,174.66
431,13616.8,17346.6,13103,173.787
432,13616.8,16382.4,13103,172.918
433,13519.3,14981.1,13103,172.053
434,13589.4,17225.6,13103,171.193
435,13589.4,17594.1,13103,170.337
436,13625.3,16603,13103,169.485
437,13556.7,15503.4,13103,168.638
438,13550.1,17307.3,13103,167.795
439,13414.8,15512.1,13103,166.956
440,13221.2,16749.1,13103,166.121
441,13238.5,16228.6,13103,165.29
442,13238.5,16177.2,13103,164.464
443,13238.5,14697.9,13103,163.642
444,13238.5,17105.3,13103,162.823
445,13372,16934.7,13103,162.009
446,13372,16497,13103,161.199
447,13372,17171.4,13103,160.393
448,13372,14580.8,13103,159.591
449,13267.9,16649.8,13103,158.793
450,13267.9,16925.6,13103,157.999
451,13267.9,16610.1,13103,157.209
452,13254.5,16587.6,13103,156.423
453,13254.5,15258.5,13103,155.641
454,13254.5,14799.5,13103,154.863
455,13254.5,16336.7,13103,154.089
456,13254.5,14576.9,13103,153.318
457,13291.8,17005.4,13103,152.552
458,13291.8,15497.4,13103,151.789
459,13291.8,17587.5,13103,151.03
460,13291.8,15569.7,13103,150.275
461,13291.8,15295.8,13103,149.524
462,13291.8,17099.4,13103,148.776
463,13291.8,14199.3,13103,148.032
464,13291.8,16898.3,13103,147.292
465,13291.8,17457.9,13103,146.555
466,13421.5,16650.3,13103,145.823
467,13400.1,15444,13103,145.094
468,13400.1,17617.7,13103,144.368
469,13400.1,16411.8,13103,143.646
470,13400.1,15889.5,13103,142.928
471,13792.7,15839.3,13103,142.213
472,13792.7,16027.4,13103,141.502
473,13960.2,16784.1,13103,140.795
474,13960.2,17033.5,13103,140.091
475,13960.2,17312.2,13103,139.39
476,13704.2,14692.7,13103,138.693
477,13602.4,16311.2,13103,138
478,13602.4,16477.6,13103,137.31
479,13602.4,15532.1,13103,136.623
480,13603.9,17951,13103,135.94
481,13721.8,16160.5,13103,135.261
482,13721.8,16271.6,13103,134.584
483,13795.7,17553.3,13103,133.911
484,13795.7,15473.8,13103,133.242
485,13793.1,18029.6,13103,132.576
486,13736.9,16270.2,13103,131.913
487,13792.2,16002.9,13103,131.253
488,13879.4,17460.1,13103,130.597
489,13291.1,16732.4,13103,129.944
490,13291.1,15498.2,13103,129.294
491,13258.2,16326.6,13103,128.648
492,13258.2,16343.4,13103,128.004
493,13097.4,13822.5,13097.4,127.364
494,13097.4,15719.3,13097.4,126.728
495,13226,16722.8,13097.4,126.094
496,13386,15513.2,13097.4,125.463
497,13386,15716.6,13097.4,124.836
498,13386,14763.9,13097.4,124.212
499,13386,15652.1,13097.4,123.591
500,13386,17469.7,13097.4,122.973
501,13235.8,16412,13097.4,122.358
502,13235.8,16925.3,13097.4,121.746
503,13235.8,15273,13097.4,121.138
504,13235.8,15901.7,13097.4,120.532
505,13235.8,16056,13097.4,119.929
506,13235.8,16202.2,13097.4,119.33
507,13152.6,14914.1,13097.4,118.733
508,13152.6,14346.8,13097.4,118.139
509,13106.7,16486.2,13097.4,117.549
510,13106.7,15747,13097.4,116.961
511,13106.7,14668.1,13097.4,116.376
512,13068.1,15422.5,13068.1,115.794
513,13068.1,16412.9,13068.1,115.215
514,13068.1,16035.9,13068.1,114.639
515,12753,13741.6,12753,114.066
516,12753,14150.5,12753,113.496
517,12701,15601,12701,112.928
518,12599.7,15129,12599.7,112.363
519,12599.7,16767.1,12599.7,111.802
520,12763.5,14243.5,12599.7,111.243
521,12798.7,15216.8,12599.7,110.686
522,12798.7,14912.2,12599.7,110.133
523,12798.7,13694.3,12599.7,109.582
524,12798.7,15424.6,12599.7,109.034
525,12798.7,17699.6,12599.7,108.489
526,12798.7,16253.2,12599.7,107.947
527,12559,14503.3,12559,107.407
528,12559,16162.3,12559,106.87
529,12444,15526.8,12444,106.336
530,12455.2,14640.7,12444,105.804
531,12464.3,15141.8,12444,105.275
532,12464.3,14224.5,12444,104.749
533,12464.3,15808.1,12444,104.225
534,12501,14982.2,12444,103.704
535,12582.9,17878.9,12444,103.185
536,12582.9,17073.7,12444,102.669
537,12582.9,14881.7,12444,102.156
538,12582.9,16260.7,12444,101.645
539,12465,13673.1,12444,101.137
540,12308.8,14991.1,12308.8,100.631
541,12253.9,15921.2,12253.9,100.128
542,12352.2,14221.4,12253.9,99.6275
543,12340.4,15233.5,12253.9,99.1294
544,12340.4,15277.2,12253.9,98.6337
545,12340.4,13941.7,12253.9,98.1405
546,12182.2,15637.2,12182.2,97.6498
547,12030.5,15501.2,12030.5,97.1616
548,12030.5,14827.9,12030.5,96.6758
549,11973.9,15485,11973.9,96.1924
550,11973.9,13482.4,11973.9,95.7114
551,11926.1,15190.2,11926.1,95.2329
552,11926.1,13641.3,11926.1,94.7567
553,11926.1,14746.2,11926.1,94.2829
554,11914.7,15473.7,11914.7,93.8115
555,11914.7,13324.7,11914.7,93.3425
556,11928.9,14463,11914.7,92.8758
557,11933.8,16375.8,11914.7,92.4114
558,11899.3,14888.1,11899.3,91.9493
559,11914.2,14906.7,11899.3,91.4896
560,11938.9,14709.7,11899.3,91.0321
561,11938.9,15907,11899.3,90.577
562,11785.2,14219.6,11785.2,90.1241
563,11700.9,14213.3,11700.9,89.6735
564,11700.9,14163.7,11700.9,89.2251
565,11759.9,14247.2,11700.9,88.779
566,11759.9,13319,11700.9,88.3351
567,11783.8,15366.7,11700.9,87.8934
568,11796.9,13772.2,11700.9,87.4539
569,11796.9,14333.1,11700.9,87.0167
570,11796.9,13955.6,11700.9,86.5816
571,11796.9,13411.9,11700.9,86.1487
572,11796.9,15145.1,11700.9,85.7179
573,11796.9,15251.4,11700.9,85.2893
574,11796.9,14911.1,11700.9,84.8629
575,11721.9,13659,11700.9,84.4386
576,11721.9,15883.4,11700.9,84.0164
577,11721.9,14782.8,11700.9,83.5963
578,11721.9,14590.3,11700.9,83.1783
579,11721.9,15239.6,11700.9,82.7624
580,11715.6,15677.8,11700.9,82.3486
581,11715.6,12957.2,11700.9,81.9369
582,11447.3,14198.3,11447.3,81.5272
583,11447.3,14267.5,11447.3,81.1196
584,11447.3,14757.8,11447.3,80.714
585,11447.3,14386.4,11447.3,80.3104
586,11453.6,13790.5,11447.3,79.9088
587,11453.6,14554.1,11447.3,79.5093
588,11453.6,14887.9,11447.3,79.1117
589,11453.6,13244.6,11447.3,78.7162
590,11426.8,12730.5,11426.8,78.3226
591,11426.8,13696.7,11426.8,77.931
592,11426.8,14979.3,11426.8,77.5413
593,11426.8,13837.8,11426.8,77.1536
594,11352.8,12562.7,11352.8,76.7679
595,11352.8,13833.1,11352.8,76.384
596,11352.8,14842,11352.8,76.0021
597,11352.8,13588.9,11352.8,75.6221
598,11411.7,14020.2,11352.8,75.244
599,11411.7,16394.5,11352.8,74.8678
600,11332.6,14350,11332.6,74.4934
601,11332.6,13867.1,11332.6,74.121
602,11318.9,15051.8,11318.9,73.7504
603,11318.9,13641.7,11318.9,73.3816
604,11318.9,15024.1,11318.9,73.0147
605,11318.9,14886,11318.9,72.6496
606,11318.9,14294.1,11318.9,72.2864
607,11358.8,13820.9,11318.9,71.9249
608,11358.8,14743.4,11318.9,71.5653
609,11358.8,12206.1,11318.9,71.2075
610,11358.8,14103.7,11318.9,70.8515
611,11358.8,14516,11318.9,70.4972
612,11358.8,14291,11318.9,70.1447
613,11358.8,15841.2,11318.9,69.794
614,11358.8,13726.2,11318.9,69.445
615,11358.8,15714.9,11318.9,69.0978
616,11358.8,12833,11318.9,68.7523
617,11358.8,13695.6,11318.9,68.4086
618,11358.8,15807.6,11318.9,68.0665
619,11358.8,15109.9,11318.9,67.7262
620,11193.7,12358.7,11193.7,67.3876
621,11193.7,12862.1,11193.7,67.0506
622,11193.7,12249.6,11193.7,66.7154
623,11193.7,15601.1,11193.7,66.3818
624,10923.3,12917.7,10923.3,66.0499
625,10923.3,13803,10923.3,65.7196
626,10955.5,12796.9,10923.3,65.391
627,11082.5,13486.5,10923.3,65.0641
628,11082.5,14624.1,10923.3,64.7388
629,11082.5,16696.7,10923.3,64.4151
630,11082.5,14740.9,10923.3,64.093
631,11066.8,14096.1,10923.3,63.7725
632,11098.3,13761.5,10923.3,63.4537
633,11098.3,14588.4,10923.3,63.1364
634,11098.3,14109.7,10923.3,62.8207
635,11098.3,13444.6,10923.3,62.5066
636,11098.3,14599,10923.3,62.1941
637,11118.6,14248.4,10923.3,61.8831
638,11118.6,13111.7,10923.3,61.5737
639,11118.6,14441.2,10923.3,61.2658
640,11118.6,14212.5,10923.3,60.9595
641,11118.6,14078.4,10923.3,60.6547
642,11118.6,13693.4,10923.3,60.3514
643,11124.9,14777.1,10923.3,60.0497
644,11124.9,13480.7,10923.3,59.7494
645,11124.9,13809.6,10923.3,59.4507
646,11203.9,16226,10923.3,59.1534
647,11223.1,14443.6,10923.3,58.8577
648,11223.1,14474,10923.3,58.5634
649,11223.1,13958,10923.3,58.2705
650,10996.2,12780.5,10923.3,57.9792
651,10996.2,15110.4,10923.3,57.6893
652,10996.2,15428.8,10923.3,57.4009
653,10996.2,12716,10923.3,57.1139
654,10996.2,13022.4,10923.3,56.8283
655,10902.3,12992.1,10902.3,56.5441
656,10902.3,15913,10902.3,56.2614
657,10694.9,13651.5,10694.9,55.9801
658,10694.9,15330.6,10694.9,55.7002
659,10694.9,13243.3,10694.9,55.4217
660,10694.9,11803.4,10694.9,55.1446
661,10684.5,11618.1,10684.5,54.8689
662,10684.5,14785.3,10684.5,54.5945
663,10684.5,13044.9,10684.5,54.3216
664,10684.5,12677.6,10684.5,54.05
665,10684.5,14118.8,10684.5,53.7797
666,10684.5,13621.2,10684.5,53.5108
667,10684.5,14146,10684.5,53.2433
668,10684.5,14447.8,10684.5,52.977
669,10684.5,12120.2,10684.5,52.7122
670,10684.5,13649.7,10684.5,52.4486
671,10684.5,13792.9,10684.5,52.1864
672,10684.5,13792.9,10684.5,51.9254
673,10684.5,13682.1,10684.5,51.6658
674,10668.9,13838.3,10668.9,51.4075
675,10668.9,14707.9,10668.9,51.1504
676,10668.9,13077.5,10668.9,50.8947
677,10668.9,13909.2,10668.9,50.6402
678,10729.3,13306.1,10668.9,50.387
679,10729.3,14339.1,10668.9,50.1351
680,10729.3,13814.4,10668.9,49.8844
681,10729.3,15364.9,10668.9,49.635
682,10729.3,16215.4,10668.9,49.3868
683,10729.3,12580.4,10668.9,49.1399
684,10729.3,12507.7,10668.9,48.8942
685,10729.3,13004.6,10668.9,48.6497
686,10729.3,13012.6,10668.9,48.4064
687,10729.3,13372.5,10668.9,48.1644
688,10729.3,15085.3,10668.9,47.9236
689,10729.3,13405.7,10668.9,47.684
690,10729.3,13004.6,10668.9,47.4456
691,10745.7,13248.8,10668.9,47.2083
692,10745.7,15063.7,10668.9,46.9723
693,10745.7,11410,10668.9,46.7374
694,10778.3,11866.8,10668.9,46.5037
695,10778.3,13692.2,10668.9,46.2712
696,10778.3,13371.4,10668.9,46.0399
697,10778.3,12265.9,10668.9,45.8097
698,10778.3,13864,10668.9,45.5806
699,10778.3,12327.9,10668.9,45.3527
700,10925.8,14817.4,10668.9,45.126
701,10925.8,15077.7,10668.9,44.9003
702,10925.8,14294.5,10668.9,44.6758
703,10925.8,14176.6,10668.9,44.4524
704,10925.8,15050.6,10668.9,44.2302
705,10925.8,12882.7,10668.9,44.009
706,10920.1,12280.5,10668.9,43.789
707,10920.1,11924.1,10668.9,43.57
708,10920.1,13473.4,10668.9,43.3522
709,10775,13093.4,10668.9,43.1354
710,10775,14135.2,10668.9,42.9198
711,10775,14280.5,10668.9,42.7052
712,10775,15166,10668.9,42.4916
713,10707.3,12391.3,10668.9,42.2792
714,10707.3,14492.8,10668.9,42.0678
715,10707.3,12704.4,10668.9,41.8574
716,10707.3,15808.5,10668.9,41.6482
717,10711.5,13325.5,10668.9,41.4399
718,10711.5,15075.9,10668.9,41.2327
719,10711.5,14122.6,10668.9,41.0266
720,10711.5,12187.1,10668.9,40.8214
721,10711.5,14308.5,10668.9,40.6173
722,10711.5,13626.8,10668.9,40.4142
723,10711.5,13306.7,10668.9,40.2122
724,10703.1,12416.1,10668.9,40.0111
725,10703.1,12582.8,10668.9,39.811
726,10703.1,14087.4,10668.9,39.612
727,10703.1,13639.8,10668.9,39.4139
728,10703.1,13416.7,10668.9,39.2169
729,10703.1,13495.8,10668.9,39.0208
730,10703.1,13090.2,10668.9,38.8257
731,10700.5,12775.8,10668.9,38.6315
732,10700.5,14587.3,10668.9,38.4384
733,10700.5,15340.3,10668.9,38.2462
734,10700.5,13458,10668.9,38.055
735,10700.5,14323.4,10668.9,37.8647
736,10700.5,13984.2,10668.9,37.6754
737,10700.5,14132.4,10668.9,37.487
738,10700.5,12060.2,10668.9,37.2996
739,10700.5,12983.8,10668.9,37.1131
740,10700.5,11945,10668.9,36.9275
741,10700.5,13539.2,10668.9,36.7429
742,10700.5,13786.1,10668.9,36.5591
743,10700.5,13143,10668.9,36.3763
744,10700.5,13850.5,10668.9,36.1945
745,10700.5,15209.5,10668.9,36.0135
746,10700.5,13543.1,10668.9,35.8334
747,10700.5,13909.3,10668.9,35.6542
748,10700.5,15801.6,10668.9,35.476
749,10700.5,12493,10668.9,35.2986
750,10700.5,15579.8,10668.9,35.1221
751,10687.7,14176.1,10668.9,34.9465
752,10687.7,14072,10668.9,34.7718
753,10687.7,13240.4,10668.9,34.5979
754,10687.7,13893.4,10668.9,34.4249
755,10687.7,12441.7,10668.9,34.2528
756,10687.7,13608.1,10668.9,34.0815
757,10671.2,14255.1,10668.9,33.9111
758,10671.2,14919.7,10668.9,33.7416
759,10671.2,13663.2,10668.9,33.5729
760,10642.6,14052.3,10642.6,33.405
761,10642.6,12118.1,10642.6,33.238
762,10563.7,13411.1,10563.7,33.0718
763,10563.7,11870.6,10563.7,32.9064
764,10563.7,12938.2,10563.7,32.7419
765,10563.7,15603.4,10563.7,32.5782
766,10544,13412.7,10544,32.4153
767,10557.4,12311.3,10544,32.2532
768,10557.4,15969,10544,32.0919
769,10557.4,13406.4,10544,31.9315
770,10557.4,14964.1,10544,31.7718
771,10557.4,13523.4,10544,31.613
772,10557.4,11765.2,10544,31.4549
773,10557.4,12259.5,10544,31.2976
774,10557.4,13306.9,10544,31.1411
775,10557.4,14342.9,10544,30.9854
776,10548.1,14069.7,10544,30.8305
777,10548.1,14115.6,10544,30.6764
778,10536.8,12493.8,10536.8,30.523
779,10457.7,14129.7,10457.7,30.3704
780,10457.7,16071.9,10457.7,30.2185
781,10457.7,12466.1,10457.7,30.0674
782,10457.7,14304.2,10457.7,29.9171
783,10457.7,13355.7,10457.7,29.7675
784,10457.7,13906.5,10457.7,29.6187
785,10457.7,12799.5,10457.7,29.4706
786,10457.7,12684,10457.7,29.3232
787,10457.7,14105,10457.7,29.1766
788,10457.7,13278.5,10457.7,29.0307
789,10457.7,13628.2,10457.7,28.8856
790,10457.7,14255.3,10457.7,28.7411
791,10457.7,12555.5,10457.7,28.5974
792,10457.7,14024.8,10457.7,28.4544
793,10457.7,12316.7,10457.7,28.3122
794,10457.7,12623.7,10457.7,28.1706
795,10457.7,13545.5,10457.7,28.0297
796,10457.7,13770.1,10457.7,27.8896
797,10457.7,13441.4,10457.7,27.7502
798,10457.7,13113.2,10457.7,27.6114
799,10457.7,11860.5,10457.7,27.4733
800,10457.7,11385.3,10457.7,27.336
801,10299.8,14550.3,10299.8,27.1993
802,10299.8,13151.3,10299.8,27.0633
803,10299.8,14437,10299.8,26.928
804,10299.8,14020.1,10299.8,26.7933
805,10299.8,12479.9,10299.8,26.6594
806,10299.8,13309.1,10299.8,26.5261
807,10299.8,12554.1,10299.8,26.3934
808,10299.8,14290,10299.8,26.2615
809,10299.8,11603.1,10299.8,26.1302
810,10299.8,11982.4,10299.8,25.9995
811,10299.8,12972.3,10299.8,25.8695
812,10299.8,13993.6,10299.8,25.7402
813,10299.8,14879,10299.8,25.6115
814,10299.8,13207.4,10299.8,25.4834
815,10299.8,12365.6,10299.8,25.356
816,10299.8,12757.5,10299.8,25.2292
817,10299.8,13350.2,10299.8,25.1031
818,10299.8,13618.9,10299.8,24.9776
819,10299.8,13993.6,10299.8,24.8527
820,10299.8,13119.1,10299.8,24.7284
821,10299.8,15914,10299.8,24.6048
822,10299.8,13476.1,10299.8,24.4817
823,10299.8,12152.7,10299.8,24.3593
824,10299.8,13568.7,10299.8,24.2375
825,10299.8,11663.2,10299.8,24.1164
826,10299.8,13858.3,10299.8,23.9958
827,10299.8,12601.6,10299.8,23.8758
828,10299.8,12158.9,10299.8,23.7564
829,10299.8,13387.6,10299.8,23.6376
830,10299.8,12037.2,10299.8,23.5194
831,10299.8,14649.6,10299.8,23.4018
832,10299.8,14253.9,10299.8,23.2848
833,10234.4,13522.5,10234.4,23.1684
834,10237.5,11838.6,10234.4,23.0526
835,10237.5,13325.4,10234.4,22.9373
836,10237.5,12054.3,10234.4,22.8226
837,10237.5,12910,10234.4,22.7085
838,10237.5,13884.8,10234.4,22.595
839,10237.5,13594.6,10234.4,22.482
840,10237.5,13816.7,10234.4,22.3696
841,10237.5,13199.6,10234.4,22.2577
842,10237.5,11828.8,10234.4,22.1464
843,10237.5,13091.1,10234.4,22.0357
844,10237.5,12231.9,10234.4,21.9255
845,10237.5,12999.3,10234.4,21.8159
846,10237.5,12983.6,10234.4,21.7068
847,10237.5,12828.2,10234.4,21.5983
848,10237.5,13860.4,10234.4,21.4903
849,10237.2,13082.7,10234.4,21.3829
850,10237.2,11673.5,10234.4,21.2759
851,10237.2,13155,10234.4,21.1696
852,10237.2,13689.7,10234.4,21.0637
853,10237.2,12098.2,10234.4,20.9584
854,10237.2,13289,10234.4,20.8536
855,10237.2,11965.4,10234.4,20.7493
856,10237.2,12815,10234.4,20.6456
857,10237.2,11274.8,10234.4,20.5424
858,10237.2,12319.9,10234.4,20.4396
859,10237.2,15700.5,10234.4,20.3375
860,10237.2,13484.8,10234.4,20.2358
861,10237.2,11600.6,10234.4,20.1346
862,10237.2,13313.9,10234.4,20.0339
863,10237.2,11828,10234.4,19.9337
864,10237.2,11983.3,10234.4,19.8341
865,10237.2,12330.9,10234.4,19.7349
866,10239.8,13113.1,10234.4,19.6362
867,10239.8,12535.6,10234.4,19.538
868,10239.8,13251.8,10234.4,19.4404
869,10239.8,13397.6,10234.4,19.3432
870,10239.8,13232.8,10234.4,19.2464
871,10239.8,12169,10234.4,19.1502
872,10239.8,13739.2,10234.4,19.0545
873,10239.8,14129.7,10234.4,18.9592
874,10239.8,11206.4,10234.4,18.8644
875,10239.8,14678.2,10234.4,18.7701
876,10239.8,12710.3,10234.4,18.6762
877,10239.8,12025.4,10234.4,18.5828
878,10217.6,13865.2,10217.6,18.4899
879,10217.6,12548.3,10217.6,18.3975
880,10217.6,14307.2,10217.6,18.3055
881,10217.6,14993.2,10217.6,18.214
882,10217.6,13502.9,10217.6,18.1229
883,10217.6,15146,10217.6,18.0323
884,10217.6,14994.9,10217.6,17.9421
885,10217.6,13577.8,10217.6,17.8524
886,10217.6,12672.3,10217.6,17.7631
887,10217.6,13898,10217.6,17.6743
888,10217.6,13720.6,10217.6,17.5859
889,10217.6,12446.4,10217.6,17.498
890,10217.6,14302.6,10217.6,17.4105
891,10217.6,12890.1,10217.6,17.3235
892,10217.6,15025.2,10217.6,17.2369
893,10217.6,13220.5,10217.6,17.1507
894,10217.6,14693.8,10217.6,17.0649
895,10217.6,12148.8,10217.6,16.9796
896,10217.6,13451.9,10217.6,16.8947
897,10207.5,13579.4,10207.5,16.8102
898,10207.5,13008.5,10207.5,16.7262
899,10207.5,12768.7,10207.5,16.6425
900,10207.5,14779.1,10207.5,16.5593
901,10207.5,12662.2,10207.5,16.4765
902,10207.5,13786.7,10207.5,16.3942
903,10207.5,15008.6,10207.5,16.3122
904,10207.5,14281.2,10207.5,16.2306
905,10207.5,12922.6,10207.5,16.1495
906,10207.5,15030.6,10207.5,16.0687
907,10207.5,13784.6,10207.5,15.9884
908,10207.5,12397.4,10207.5,15.9084
909,10207.5,12276.6,10207.5,15.8289
910,10207.5,13565,10207.5,15.7498
911,10207.5,12887.7,10207.5,15.671
912,10222.3,13097.8,10207.5,15.5926
913,10222.3,11955.9,10207.5,15.5147
914,10222.3,13686.5,10207.5,15.4371
915,10222.6,12291.4,10207.5,15.3599
916,10222.6,11640.5,10207.5,15.2831
917,10222.6,13395.7,10207.5,15.2067
918,10222.6,12092.9,10207.5,15.1307
919,10222.6,13226.1,10207.5,15.055
920,10222.6,13730.1,10207.5,14.9797
921,10222.6,11828.8,10207.5,14.9049
922,10222.6,13815.3,10207.5,14.8303
923,10222.6,12721.5,10207.5,14.7562
924,10222.6,14492.2,10207.5,14.6824
925,10222.6,12397.9,10207.5,14.609
926,10222.6,15262.4,10207.5,14.5359
927,10222.6,13429.4,10207.5,14.4633
928,10222.6,12378.8,10207.5,14.3909
929,10222.6,12979.4,10207.5,14.319
930,10222.6,11777.2,10207.5,14.2474
931,10222.6,14610.4,10207.5,14.1762
932,10222.6,14552.4,10207.5,14.1053
933,10222.6,14941.5,10207.5,14.0347
934,10222.6,11532.4,10207.5,13.9646
935,10222.6,14001.7,10207.5,13.8948
936,10222.6,11778.9,10207.5,13.8253
937,10222.6,14862.4,10207.5,13.7562
938,10222.6,12522.1,10207.5,13.6874
939,10222.6,13038.6,10207.5,13.6189
940,10222.6,12711,10207.5,13.5508
941,10222.6,13142.5,10207.5,13.4831
942,10222.6,12764.4,10207.5,13.4157
943,10222.6,13616.8,10207.5,13.3486
944,10222.6,11942.6,10207.5,13.2818
945,10222.6,13074.8,10207.5,13.2154
946,10222.6,14073.4,10207.5,13.1494
947,10222.6,14226.6,10207.5,13.0836
948,10222.6,13166.5,10207.5,13.0182
949,10222.6,13916.4,10207.5,12.9531
950,10222.6,13121,10207.5,12.8883
951,10222.6,14610.4,10207.5,12.8239
952,10222.6,13041.9,10207.5,12.7598
953,10222.6,12259.9,10207.5,12.696
954,10222.6,13030.7,10207.5,12.6325
955,10222.6,13420.4,10207.5,12.5693
956,10222.6,12481.6,10207.5,12.5065
957,10222.6,13166.5,10207.5,12.444
958,10222.6,12798.5,10207.5,12.3817
959,10222.6,13288.2,10207.5,12.3198
960,10222.6,12465.5,10207.5,12.2582
961,10222.6,12259.9,10207.5,12.1969
962,10222.6,11746.6,10207.5,12.136
963,10222.6,14705,10207.5,12.0753
964,10222.6,13942.9,10207.5,12.0149
965,10222.6,13087.6,10207.5,11.9548
966,10222.6,13121.9,10207.5,11.8951
967,10185.6,12358.2,10185.6,11.8356
968,10185.6,13372.6,10185.6,11.7764
969,10185.6,13282.9,10185.6,11.7175
970,10170.8,14645.4,10170.8,11.6589
971,10170.8,12827,10170.8,11.6006
972,10170.5,11415.7,10170.5,11.5426
973,10170.5,13109,10170.5,11.4849
974,10170.5,13173.4,10170.5,11.4275
975,10170.5,13770.1,10170.5,11.3704
976,10170.5,12024.2,10170.5,11.3135
977,10170.5,12055.9,10170.5,11.2569
978,10170.5,12965.4,10170.5,11.2007
979,10170.5,13715.3,10170.5,11.1447
980,10170.5,11782.9,10170.5,11.0889
981,10170.5,13453.5,10170.5,11.0335
982,10170.5,13465.2,10170.5,10.9783
983,10170.5,13722.6,10170.5,10.9234
984,10170.5,11614.7,10170.5,10.8688
985,10165.3,12084.5,10165.3,10.8145
986,10165.3,13113.3,10165.3,10.7604
987,10165.3,11791.2,10165.3,10.7066
988,10165.3,12949.5,10165.3,10.6531
989,10165.3,13744.5,10165.3,10.5998
990,10165.3,11831.7,10165.3,10.5468
991,10165.3,12334.7,10165.3,10.4941
992,10165.3,13223.1,10165.3,10.4416
993,10165.3,13269.5,10165.3,10.3894
994,10165.3,15466.2,10165.3,10.3374
995,10165.3,13262.6,10165.3,10.2857
996,10165.3,12949.5,10165.3,10.2343
997,10167,13488,10165.3,10.1831
998,10167,12048.6,10165.3,10.1322
999,10167,15206.8,10165.3,10.0816
