generation,best,bestEver
0,30747.1,30431.6
1,30582,30431.6
2,30487.5,30431.6
3,30582,30431.6
4,30580.6,30431.6
5,30419.2,30419.2
6,30580.6,30419.2
7,30582,30419.2
8,28879.2,28879.2
9,30582,28879.2
10,30747.1,28879.2
11,30738.3,28879.2
12,30521,28879.2
13,30738.3,28879.2
14,30671.4,28879.2
15,30612.2,28879.2
16,30671.4,28879.2
17,30738.3,28879.2
18,28990.2,28879.2
19,30738.3,28879.2
20,30687.2,28879.2
21,30644.4,28879.2
22,30687.2,28879.2
23,30738.3,28879.2
24,29405.5,28879.2
25,30738.3,28879.2
26,30747.1,28879.2
27,29090.6,28879.2
28,30747.1,28879.2
29,30431.6,28879.2
30,30490.8,28879.2
31,30431.6,28879.2
32,29094.4,28879.2
33,28936.2,28879.2
34,29094.4,28879.2
35,30431.6,28879.2
36,30487.2,28879.2
37,30431.6,28879.2
38,27310.3,27310.3
39,30431.6,27310.3
40,30517,27310.3
41,30431.6,27310.3
42,29190.9,27310.3
43,30431.6,27310.3
44,30541.9,27310.3
45,30431.6,27310.3
46,28738.5,27310.3
47,30431.6,27310.3
48,30253.3,27310.3
49,30431.6,27310.3
50,30220,27310.3
51,30431.6,27310.3
52,29621.9,27310.3
53,30431.6,27310.3
54,30672.6,27310.3
55,30431.6,27310.3
56,30148.3,27310.3
57,30431.6,27310.3
58,30549.4,27310.3
59,30431.6,27310.3
60,30720.9,27310.3
61,30431.6,27310.3
62,29582.3,27310.3
63,30431.6,27310.3
64,30598.3,27310.3
65,30431.6,27310.3
66,29427.4,27310.3
67,30431.6,27310.3
68,31100.2,27310.3
69,30431.6,27310.3
70,30749.3,27310.3
71,30431.6,27310.3
72,29691.9,27310.3
73,30431.6,27310.3
74,30588.2,27310.3
75,30431.6,27310.3
76,29584.1,27310.3
77,30431.6,27310.3
78,30699.6,27310.3
79,30431.6,27310.3
80,30321,27310.3
81,30431.6,27310.3
82,29368.2,27310.3
83,30431.6,27310.3
84,29998.4,27310.3
85,30431.6,27310.3
86,30479.4,27310.3
87,30431.6,27310.3
88,30337.1,27310.3
89,30431.6,27310.3
90,29488.2,27310.3
91,30431.6,27310.3
92,28952.8,27310.3
93,30431.6,27310.3
94,30610.8,27310.3
95,30431.6,27310.3
96,29681.9,27310.3
97,30431.6,27310.3
98,28921.3,27310.3
99,30431.6,27310.3
100,30734.7,27310.3
101,30431.6,27310.3
102,30111.4,27310.3
103,30431.6,27310.3
104,30148.8,27310.3
105,30431.6,27310.3
106,30543.1,27310.3
107,30431.6,27310.3
108,29038.1,27310.3
109,30431.6,27310.3
110,30504.3,27310.3
111,30431.6,27310.3
112,29178.5,27310.3
113,30431.6,27310.3
114,30650.5,27310.3
115,30431.6,27310.3
116,30205.9,27310.3
117,30431.6,27310.3
118,29968.5,27310.3
119,30431.6,27310.3
120,30226.3,27310.3
121,30431.6,27310.3
122,30214.8,27310.3
123,30431.6,27310.3
124,28774.3,27310.3
125,30431.6,27310.3
126,30547.9,27310.3
127,30431.6,27310.3
128,28733.6,27310.3
129,30431.6,27310.3
130,29152.2,27310.3
131,30431.6,27310.3
132,30717.3,27310.3
133,30431.6,27310.3
134,29527.9,27310.3
135,29508.8,27310.3
136,29527.9,27310.3
137,30431.6,27310.3
138,31372.5,27310.3
139,31303,27310.3
140,31372.5,27310.3
141,30431.6,27310.3
142,30719,27310.3
143,30431.6,27310.3
144,30504.8,27310.3
145,30495.4,27310.3
146,30504.8,27310.3
147,30431.6,27310.3
148,30958.9,27310.3
149,30431.6,27310.3
150,31076.3,27310.3
151,31006.9,27310.3
152,31076.3,27310.3
153,30431.6,27310.3
154,31037.9,27310.3
155,30968.5,27310.3
156,31037.9,27310.3
157,30431.6,27310.3
158,30988.9,27310.3
159,30431.6,27310.3
160,30887,27310.3
161,30829.6,27310.3
162,30887,27310.3
163,30431.6,27310.3
164,31178.7,27310.3
165,31107.9,27310.3
166,31178.7,27310.3
167,30431.6,27310.3
168,31195.8,27310.3
169,31126,27310.3
170,31195.8,27310.3
171,30431.6,27310.3
172,29927.6,27310.3
173,29891.6,27310.3
174,29927.6,27310.3
175,30431.6,27310.3
176,30848.1,27310.3
177,30833.2,27310.3
178,30848.1,27310.3
179,30431.6,27310.3
180,31345,27310.3
181,30431.6,27310.3
182,31148.2,27310.3
183,30431.6,27310.3
184,30757.6,27310.3
185,30754.4,27310.3
186,30757.6,27310.3
187,30431.6,27310.3
188,30293.2,27310.3
189,30431.6,27310.3
190,31173.3,27310.3
191,31122.5,27310.3
192,31173.3,27310.3
193,30431.6,27310.3
194,31138.2,27310.3
195,31072.6,27310.3
196,31138.2,27310.3
197,30431.6,27310.3
198,29745.8,27310.3
199,29682.5,27310.3
200,29745.8,27310.3
201,30431.6,27310.3
202,30400.7,27310.3
203,30431.6,27310.3
204,29711.7,27310.3
205,30431.6,27310.3
206,30581.8,27310.3
207,30510.3,27310.3
208,30581.8,27310.3
209,30431.6,27310.3
210,30307.1,27310.3
211,30281.4,27310.3
212,30307.1,27310.3
213,30431.6,27310.3
214,30396.8,27310.3
215,30431.6,27310.3
216,30162.1,27310.3
217,30431.6,27310.3
218,30322.3,27310.3
219,30295.4,27310.3
220,30322.3,27310.3
221,30431.6,27310.3
222,30761.4,27310.3
223,30703.8,27310.3
224,30761.4,27310.3
225,30431.6,27310.3
226,30809.3,27310.3
227,30431.6,27310.3
228,30424.2,27310.3
229,30355.6,27310.3
230,30424.2,27310.3
231,30431.6,27310.3
232,30636.3,27310.3
233,30578.1,27310.3
234,30636.3,27310.3
235,30431.6,27310.3
236,30581.7,27310.3
237,30431.6,27310.3
238,30195.4,27310.3
239,30431.6,27310.3
240,29751.6,27310.3
241,30431.6,27310.3
242,30631.3,27310.3
243,30431.6,27310.3
244,28582.8,27310.3
245,28523.6,27310.3
246,28582.8,27310.3
247,30431.6,27310.3
248,30428.2,27310.3
249,30431.6,27310.3
250,30102.7,27310.3
251,30431.6,27310.3
252,30343,27310.3
253,30431.6,27310.3
254,30304.6,27310.3
255,30431.6,27310.3
256,30389.9,27310.3
257,30327,27310.3
258,30389.9,27310.3
259,30431.6,27310.3
260,31005.1,27310.3
261,30431.6,27310.3
262,30828.2,27310.3
263,30764.2,27310.3
264,30828.2,27310.3
265,30431.6,27310.3
266,29223.2,27310.3
267,29189.5,27310.3
268,29223.2,27310.3
269,30431.6,27310.3
270,30636,27310.3
271,30431.6,27310.3
272,30454.5,27310.3
273,30431.6,27310.3
274,30652.9,27310.3
275,29233.2,27310.3
276,29224.5,27310.3
277,29233.2,27310.3
278,30652.9,27310.3
279,30523.1,27310.3
280,29322.6,27310.3
281,29098.4,27310.3
282,29322.6,27310.3
283,29135.1,27310.3
284,29322.6,27310.3
285,28928.9,27310.3
286,29322.6,27310.3
287,28215.8,27310.3
288,27842.5,27310.3
289,28215.8,27310.3
290,29322.6,27310.3
291,30523.1,27310.3
292,29158,27310.3
293,30523.1,27310.3
294,29108.6,27310.3
295,30523.1,27310.3
296,30353,27310.3
297,28779.2,27310.3
298,28555,27310.3
299,28482.2,27310.3
300,28555,27310.3
301,28779.2,27310.3
302,28643.5,27310.3
303,28482.1,27310.3
304,28643.5,27310.3
305,28779.2,27310.3
306,28627.8,27310.3
307,28779.2,27310.3
308,30353,27310.3
309,30523.1,27310.3
310,29293.6,27310.3
311,29176,27310.3
312,28951.8,27310.3
313,28678.2,27310.3
314,28951.8,27310.3
315,29176,27310.3
316,28985.6,27310.3
317,29176,27310.3
318,29018.4,27310.3
319,29176,27310.3
320,28736.4,27310.3
321,29176,27310.3
322,29293.6,27310.3
323,30523.1,27310.3
324,30498.7,27310.3
325,30230.4,27310.3
326,30006.2,27310.3
327,29733.3,27310.3
328,30006.2,27310.3
329,30230.4,27310.3
330,30038.2,27310.3
331,30230.4,27310.3
332,30074.3,27310.3
333,30015.2,27310.3
334,29944.8,27310.3
335,30015.2,27310.3
336,30074.3,27310.3
337,30230.4,27310.3
338,29792.4,27310.3
339,30230.4,27310.3
340,29993.1,27310.3
341,28687.6,27310.3
342,29993.1,27310.3
343,30230.4,27310.3
344,30498.7,27310.3
345,30523.1,27310.3
346,28749,27310.3
347,28699.8,27310.3
348,28475.6,27310.3
349,28699.8,27310.3
350,28538.7,27310.3
351,28699.8,27310.3
352,28749,27310.3
353,28565.8,27310.3
354,28749,27310.3
355,28660,27310.3
356,28749,27310.3
357,28648.4,27310.3
358,28749,27310.3
359,28672.7,27310.3
360,28749,27310.3
361,30523.1,27310.3
362,30652.9,27310.3
363,29315.7,27310.3
364,29289.1,27310.3
365,29315.7,27310.3
366,30652.9,27310.3
367,30431.6,27310.3
368,30864.2,27310.3
369,30431.6,27310.3
370,31055.2,27310.3
371,29408.6,27310.3
372,29149.2,27310.3
373,29408.6,27310.3
374,27752.2,27310.3
375,29408.6,27310.3
376,29321.6,27310.3
377,29408.6,27310.3
378,31055.2,27310.3
379,31020,27310.3
380,29446.2,27310.3
381,29222,27310.3
382,29446.2,27310.3
383,29435.2,27310.3
384,29446.2,27310.3
385,27694.4,27310.3
386,29446.2,27310.3
387,29294.8,27310.3
388,29446.2,27310.3
389,31020,27310.3
390,31055.2,27310.3
391,30431.6,27310.3
392,31899.3,27310.3
393,31508.2,27310.3
394,31102.6,27310.3
395,31508.2,27310.3
396,29851.8,27310.3
397,29781.8,27310.3
398,29600.5,27310.3
399,29781.8,27310.3
400,29851.8,27310.3
401,29800.3,27310.3
402,29851.8,27310.3
403,31508.2,27310.3
404,31899.3,27310.3
405,31718,27310.3
406,31600.4,27310.3
407,31376.2,27310.3
408,30506.1,27310.3
409,30071.2,27310.3
410,30506.1,27310.3
411,31376.2,27310.3
412,31142.6,27310.3
413,31088.3,27310.3
414,31142.6,27310.3
415,31376.2,27310.3
416,28482.7,27310.3
417,28377.7,27310.3
418,28482.7,27310.3
419,31376.2,27310.3
420,31327.6,27310.3
421,30528.8,27310.3
422,30093.8,27310.3
423,29882.4,27310.3
424,30093.8,27310.3
425,30528.8,27310.3
426,31327.6,27310.3
427,28441,27310.3
428,31327.6,27310.3
429,31031,27310.3
430,31030.4,27310.3
431,31031,27310.3
432,31327.6,27310.3
433,30068.3,27310.3
434,29674.4,27310.3
435,30068.3,27310.3
436,31327.6,27310.3
437,31263.1,27310.3
438,31327.6,27310.3
439,31219.1,27310.3
440,30898.7,27310.3
441,31219.1,27310.3
442,31327.6,27310.3
443,30292.3,27310.3
444,30290.4,27310.3
445,30292.3,27310.3
446,31327.6,27310.3
447,31298.2,27310.3
448,31327.6,27310.3
449,31246.6,27310.3
450,31063.1,27310.3
451,31246.6,27310.3
452,31327.6,27310.3
453,31376.2,27310.3
454,29410.8,27310.3
455,31376.2,27310.3
456,30999.9,27310.3
457,30999.3,27310.3
458,30999.9,27310.3
459,31376.2,27310.3
460,30115.3,27310.3
461,29721.5,27310.3
462,30115.3,27310.3
463,31376.2,27310.3
464,31137.4,27310.3
465,30926.2,27310.3
466,30871.9,27310.3
467,30926.2,27310.3
468,31137.4,27310.3
469,31098.4,27310.3
470,31137.4,27310.3
471,30793.9,27310.3
472,30793.3,27310.3
473,30793.9,27310.3
474,31137.4,27310.3
475,29913.9,27310.3
476,29520.1,27310.3
477,29913.9,27310.3
478,31137.4,27310.3
479,31376.2,27310.3
480,31258.8,27310.3
481,30938.4,27310.3
482,31258.8,27310.3
483,31376.2,27310.3
484,30222.2,27310.3
485,30220.3,27310.3
486,30222.2,27310.3
487,31376.2,27310.3
488,31370.8,27310.3
489,31376.2,27310.3
490,31292.2,27310.3
491,31108.7,27310.3
492,31292.2,27310.3
493,31376.2,27310.3
494,31600.4,27310.3
495,31534.7,27310.3
496,31600.4,27310.3
497,31382.1,27310.3
498,31600.4,27310.3
499,30777.1,27310.3
500,29320.9,27310.3
501,30777.1,27310.3
502,31600.4,27310.3
503,31431.7,27310.3
504,31600.4,27310.3
505,30446.5,27310.3
506,30295.9,27310.3
507,30446.5,27310.3
508,31600.4,27310.3
509,31718,27310.3
510,30722.4,27310.3
511,31718,27310.3
512,31899.3,27310.3
513,29983.1,27310.3
514,31899.3,27310.3
515,30431.6,27310.3
516,31399.4,27310.3
517,30858.3,27310.3
518,30455.2,27310.3
519,30858.3,27310.3
520,31399.4,27310.3
521,31220.6,27310.3
522,30952.4,27310.3
523,30728.2,27310.3
524,30006.3,27310.3
525,29572,27310.3
526,29303.7,27310.3
527,29572,27310.3
528,30006.3,27310.3
529,30728.2,27310.3
530,30444.3,27310.3
531,30390.6,27310.3
532,30444.3,27310.3
533,30728.2,27310.3
534,27986.4,27310.3
535,27882,27310.3
536,27986.4,27310.3
537,30728.2,27310.3
538,29302.6,27310.3
539,30728.2,27310.3
540,30952.4,27310.3
541,30884.8,27310.3
542,30723.4,27310.3
543,30544.6,27310.3
544,30723.4,27310.3
545,30069.1,27310.3
546,29666.1,27310.3
547,29335,27310.3
548,29666.1,27310.3
549,30069.1,27310.3
550,30723.4,27310.3
551,30350.2,27310.3
552,30301.2,27310.3
553,30350.2,27310.3
554,28113.1,27310.3
555,28037.8,27310.3
556,28113.1,27310.3
557,30350.2,27310.3
558,29457.1,27310.3
559,30350.2,27310.3
560,30723.4,27310.3
561,27981.6,27310.3
562,27906.3,27310.3
563,27981.6,27310.3
564,30723.4,27310.3
565,30704.3,27310.3
566,30560.7,27310.3
567,30704.3,27310.3
568,30723.4,27310.3
569,29297.8,27310.3
570,30723.4,27310.3
571,30884.8,27310.3
572,29769.9,27310.3
573,28837.7,27310.3
574,29769.9,27310.3
575,30884.8,27310.3
576,30698.1,27310.3
577,30884.8,27310.3
578,30647,27310.3
579,29341.6,27310.3
580,30647,27310.3
581,30884.8,27310.3
582,30403.8,27310.3
583,30884.8,27310.3
584,30699.9,27310.3
585,30884.8,27310.3
586,30872,27310.3
587,30884.8,27310.3
588,30952.4,27310.3
589,29835,27310.3
590,30952.4,27310.3
591,30735.7,27310.3
592,30952.4,27310.3
593,30715,27310.3
594,29409.5,27310.3
595,30715,27310.3
596,30952.4,27310.3
597,30316.8,27310.3
598,29944,27310.3
599,30316.8,27310.3
600,30952.4,27310.3
601,30765.7,27310.3
602,30952.4,27310.3
603,30788.5,27310.3
604,30952.4,27310.3
605,31220.6,27310.3
606,29874,27310.3
607,31220.6,27310.3
608,31399.4,27310.3
609,28278.1,27310.3
610,31399.4,27310.3
611,30431.6,27310.3
612,30641.5,27310.3
613,30431.6,27310.3
614,31992.7,27310.3
615,30786.8,27310.3
616,30540.5,27310.3
617,30786.8,27310.3
618,29130.4,27310.3
619,30786.8,27310.3
620,31992.7,27310.3
621,31970.7,27310.3
622,30828,27310.3
623,30603.8,27310.3
624,30828,27310.3
625,30813.4,27310.3
626,30828,27310.3
627,30780.9,27310.3
628,30828,27310.3
629,29969.8,27310.3
630,29538.8,27310.3
631,29969.8,27310.3
632,28132.8,27310.3
633,29969.8,27310.3
634,30828,27310.3
635,31970.7,27310.3
636,29463.8,27310.3
637,31970.7,27310.3
638,29545.8,27310.3
639,31970.7,27310.3
640,31992.7,27310.3
641,30431.6,27310.3
642,32176,27310.3
643,30972.3,27310.3
644,30783.5,27310.3
645,30736.7,27310.3
646,30783.5,27310.3
647,30623.1,27310.3
648,30783.5,27310.3
649,29821.5,27310.3
650,30783.5,27310.3
651,30508.7,27310.3
652,30783.5,27310.3
653,30972.3,27310.3
654,32176,27310.3
655,30431.6,27310.3
656,31727.2,27310.3
657,31281.1,27310.3
658,30878.7,27310.3
659,31281.1,27310.3
660,31727.2,27310.3
661,31549,27310.3
662,31374.6,27310.3
663,31150.4,27310.3
664,30334.1,27310.3
665,29901,27310.3
666,29726.6,27310.3
667,29901,27310.3
668,30334.1,27310.3
669,31150.4,27310.3
670,30903.6,27310.3
671,30851.2,27310.3
672,30903.6,27310.3
673,31150.4,27310.3
674,28313.4,27310.3
675,28210.4,27310.3
676,28313.4,27310.3
677,31150.4,27310.3
678,31138.5,27310.3
679,31150.4,27310.3
680,29620.3,27310.3
681,31150.4,27310.3
682,30902.8,27310.3
683,31150.4,27310.3
684,29939.6,27310.3
685,29547.7,27310.3
686,29939.6,27310.3
687,31150.4,27310.3
688,30914.2,27310.3
689,30705.8,27310.3
690,30914.2,27310.3
691,31150.4,27310.3
692,31124.8,27310.3
693,30806.3,27310.3
694,31124.8,27310.3
695,31150.4,27310.3
696,31374.6,27310.3
697,31307.7,27310.3
698,31374.6,27310.3
699,30389.4,27310.3
700,29363.4,27310.3
701,30389.4,27310.3
702,31374.6,27310.3
703,31157.8,27310.3
704,31374.6,27310.3
705,31239.6,27310.3
706,29840.3,27310.3
707,31239.6,27310.3
708,31374.6,27310.3
709,31549,27310.3
710,30428.4,27310.3
711,31549,27310.3
712,31727.2,27310.3
713,29757.2,27310.3
714,31727.2,27310.3
715,30431.6,27310.3
716,31377.7,27310.3
717,31065.8,27310.3
718,30656.2,27310.3
719,31065.8,27310.3
720,31377.7,27310.3
721,29538.6,27310.3
722,29511.3,27310.3
723,29538.6,27310.3
724,31377.7,27310.3
725,30431.6,27310.3
726,30953.9,27310.3
727,30431.6,27310.3
728,31042.4,27310.3
729,30907,27310.3
730,30509.1,27310.3
731,30907,27310.3
732,31042.4,27310.3
733,30868.7,27310.3
734,31042.4,27310.3
735,29376.5,27310.3
736,29352.5,27310.3
737,29227.3,27310.3
738,29352.5,27310.3
739,29376.5,27310.3
740,29314.2,27310.3
741,29376.5,27310.3
742,31042.4,27310.3
743,30431.6,27310.3
744,31422.6,27310.3
745,31168.7,27310.3
746,30749.6,27310.3
747,31168.7,27310.3
748,31422.6,27310.3
749,31227.7,27310.3
750,31422.6,27310.3
751,29637.8,27310.3
752,29614.2,27310.3
753,29586.7,27310.3
754,29614.2,27310.3
755,29637.8,27310.3
756,31422.6,27310.3
757,30431.6,27310.3
758,30970.3,27310.3
759,30896.9,27310.3
760,29878,27310.3
761,29572.5,27310.3
762,29878,27310.3
763,30896.9,27310.3
764,30970.3,27310.3
765,28260.6,27310.3
766,28251.4,27310.3
767,28260.6,27310.3
768,30970.3,27310.3
769,30431.6,27310.3
770,30968.2,27310.3
771,30431.6,27310.3
772,31337.3,27310.3
773,30431.6,27310.3
774,31234.7,27310.3
775,30431.6,27310.3
776,30932.4,27310.3
777,30760,27310.3
778,30470.5,27310.3
779,30760,27310.3
780,30932.4,27310.3
781,30867.2,27310.3
782,30856.6,27310.3
783,30632.4,27310.3
784,29539.2,27310.3
785,29216,27310.3
786,29205.4,27310.3
787,29216,27310.3
788,29539.2,27310.3
789,30632.4,27310.3
790,30528.8,27310.3
791,30632.4,27310.3
792,27580,27310.3
793,30632.4,27310.3
794,30856.6,27310.3
795,30786.5,27310.3
796,30856.6,27310.3
797,30288.3,27310.3
798,29098.4,27310.3
799,30288.3,27310.3
800,30856.6,27310.3
801,30698.1,27310.3
802,30856.6,27310.3
803,30867.2,27310.3
804,30327.3,27310.3
805,30867.2,27310.3
806,30406.7,27310.3
807,30867.2,27310.3
808,30932.4,27310.3
809,29239.2,27310.3
810,30932.4,27310.3
811,30431.6,27310.3
812,31291.5,27310.3
813,30287.7,27310.3
814,29935.6,27310.3
815,30287.7,27310.3
816,31291.5,27310.3
817,31163.6,27310.3
818,30380.2,27310.3
819,30156,27310.3
820,29898.4,27310.3
821,29516.6,27310.3
822,28733.2,27310.3
823,29516.6,27310.3
824,29898.4,27310.3
825,30156,27310.3
826,29839.8,27310.3
827,29838.6,27310.3
828,29839.8,27310.3
829,30156,27310.3
830,27917.4,27310.3
831,27865.6,27310.3
832,27917.4,27310.3
833,30156,27310.3
834,30121.7,27310.3
835,30156,27310.3
836,29242.6,27310.3
837,30156,27310.3
838,30380.2,27310.3
839,30314.3,27310.3
840,30380.2,27310.3
841,28767.9,27310.3
842,28350.8,27310.3
843,28767.9,27310.3
844,30380.2,27310.3
845,30204.1,27310.3
846,30380.2,27310.3
847,29665.1,27310.3
848,28874.7,27310.3
849,29665.1,27310.3
850,30380.2,27310.3
851,31163.6,27310.3
852,28806.9,27310.3
853,31163.6,27310.3
854,31157.9,27310.3
855,29957.5,27310.3
856,29733.3,27310.3
857,29514,27310.3
858,29733.3,27310.3
859,29957.5,27310.3
860,29897.8,27310.3
861,29736.4,27310.3
862,29606.5,27310.3
863,29736.4,27310.3
864,29897.8,27310.3
865,28285.7,27310.3
866,29897.8,27310.3
867,29751.2,27310.3
868,29897.8,27310.3
869,28785.8,27310.3
870,28412.5,27310.3
871,28785.8,27310.3
872,29897.8,27310.3
873,29957.5,27310.3
874,29788.8,27310.3
875,29957.5,27310.3
876,28850.7,27310.3
877,29957.5,27310.3
878,31157.9,27310.3
879,28387.3,27310.3
880,31157.9,27310.3
881,28435.1,27310.3
882,31157.9,27310.3
883,30987.8,27310.3
884,29414.1,27310.3
885,29189.9,27310.3
886,29414.1,27310.3
887,29406.2,27310.3
888,29244.8,27310.3
889,29406.2,27310.3
890,27994.5,27310.3
891,29406.2,27310.3
892,29398.3,27310.3
893,29406.2,27310.3
894,29414.1,27310.3
895,28059.6,27310.3
896,29414.1,27310.3
897,30987.8,27310.3
898,31157.9,27310.3
899,29928.4,27310.3
900,29810.8,27310.3
901,29586.6,27310.3
902,29313.1,27310.3
903,29586.6,27310.3
904,29135.6,27310.3
905,28700.7,27310.3
906,28583.1,27310.3
907,28700.7,27310.3
908,29135.6,27310.3
909,29586.6,27310.3
910,29362.6,27310.3
911,29309.5,27310.3
912,29362.6,27310.3
913,29586.6,27310.3
914,27112.8,27112.8
915,27007.8,27007.8
916,27112.8,27007.8
917,29586.6,27007.8
918,29579.7,27007.8
919,29586.6,27007.8
920,29286.2,27007.8
921,29231.9,27007.8
922,28547.8,27007.8
923,29231.9,27007.8
924,28855.7,27007.8
925,28805.1,27007.8
926,28855.7,27007.8
927,29231.9,27007.8
928,29286.2,27007.8
929,29586.6,27007.8
930,28468.8,27007.8
931,28468.2,27007.8
932,28468.8,27007.8
933,29586.6,27007.8
934,28325.7,27007.8
935,27931.9,27007.8
936,28325.7,27007.8
937,29586.6,27007.8
938,29347.9,27007.8
939,29137.6,27007.8
940,29347.9,27007.8
941,29586.6,27007.8
942,29469.2,27007.8
943,29586.6,27007.8
944,28432.7,27007.8
945,28430.8,27007.8
946,28432.7,27007.8
947,29586.6,27007.8
948,29581.3,27007.8
949,29586.6,27007.8
950,29810.8,27007.8
951,29748.3,27007.8
952,29810.8,27007.8
953,28903.4,27007.8
954,29810.8,27007.8
955,29928.4,27007.8
956,31157.9,27007.8
957,31133.5,27007.8
958,30865.3,27007.8
959,30641.1,27007.8
960,30368.1,27007.8
961,30641.1,27007.8
962,30338.2,27007.8
963,30641.1,27007.8
964,30376.3,27007.8
965,30323.8,27007.8
966,30376.3,27007.8
967,30641.1,27007.8
968,28318.9,27007.8
969,28214.6,27007.8
970,28318.9,27007.8
971,30641.1,27007.8
972,28272,27007.8
973,30641.1,27007.8
974,30436.2,27007.8
975,30382.5,27007.8
976,30436.2,27007.8
977,30641.1,27007.8
978,28669,27007.8
979,30641.1,27007.8
980,30413.6,27007.8
981,30203.9,27007.8
982,30413.6,27007.8
983,30641.1,27007.8
984,29568.7,27007.8
985,29567.4,27007.8
986,29568.7,27007.8
987,30641.1,27007.8
988,30865.3,27007.8
989,30800.8,27007.8
990,30865.3,27007.8
991,29767,27007.8
992,30865.3,27007.8
993,30652.3,27007.8
994,30865.3,27007.8
995,30627.9,27007.8
996,29322.4,27007.8
997,30627.9,27007.8
998,30865.3,27007.8
999,31133.5,27007.8
1000,31157.9,27007.8
1001,29383.8,27007.8
1002,29334.6,27007.8
1003,29110.4,27007.8
1004,29334.6,27007.8
1005,29301.4,27007.8
1006,29334.6,27007.8
1007,29110.7,27007.8
1008,28376.5,27007.8
1009,28193.3,27007.8
1010,28036.9,27007.8
1011,28193.3,27007.8
1012,28376.5,27007.8
1013,29110.7,27007.8
1014,29334.6,27007.8
1015,29383.8,27007.8
1016,29147.1,27007.8
1017,29383.8,27007.8
1018,29321.2,27007.8
1019,28537.8,27007.8
1020,28313.6,27007.8
1021,28093.2,27007.8
1022,28313.6,27007.8
1023,28537.8,27007.8
1024,28445.4,27007.8
1025,28537.8,27007.8
1026,28117,27007.8
1027,28537.8,27007.8
1028,27822.7,27007.8
1029,27032.3,27007.8
1030,27822.7,27007.8
1031,28537.8,27007.8
1032,29321.2,27007.8
1033,29383.8,27007.8
1034,29257,27007.8
1035,29383.8,27007.8
1036,31157.9,27007.8
1037,31163.6,27007.8
1038,28829.8,27007.8
1039,31163.6,27007.8
1040,31144.9,27007.8
1041,30876.7,27007.8
1042,30652.5,27007.8
1043,30379.5,27007.8
1044,30652.5,27007.8
1045,29930.6,27007.8
1046,29496.3,27007.8
1047,29930.6,27007.8
1048,30652.5,27007.8
1049,30368.6,27007.8
1050,30314.9,27007.8
1051,30368.6,27007.8
1052,30652.5,27007.8
1053,27910.7,27007.8
1054,27806.3,27007.8
1055,27910.7,27007.8
1056,30652.5,27007.8
1057,30633.3,27007.8
1058,30652.5,27007.8
1059,30455.3,27007.8
1060,30402.8,27007.8
1061,30455.3,27007.8
1062,30652.5,27007.8
1063,29095.6,27007.8
1064,28702.4,27007.8
1065,29095.6,27007.8
1066,30652.5,27007.8
1067,30425,27007.8
1068,30215.3,27007.8
1069,30425,27007.8
1070,30652.5,27007.8
1071,29580.1,27007.8
1072,29578.8,27007.8
1073,29580.1,27007.8
1074,30652.5,27007.8
1075,30876.7,27007.8
1076,29759.3,27007.8
1077,28827.1,27007.8
1078,29759.3,27007.8
1079,30876.7,27007.8
1080,30639.3,27007.8
1081,29333.8,27007.8
1082,30639.3,27007.8
1083,28128.6,27007.8
1084,30639.3,27007.8
1085,30430.8,27007.8
1086,28476.6,27007.8
1087,30430.8,27007.8
1088,29681.6,27007.8
1089,30430.8,27007.8
1090,29100.2,27007.8
1091,30430.8,27007.8
1092,30639.3,27007.8
1093,29629.8,27007.8
1094,30639.3,27007.8
1095,29901.6,27007.8
1096,30639.3,27007.8
1097,30492.4,27007.8
1098,29977.2,27007.8
1099,30492.4,27007.8
1100,30639.3,27007.8
1101,29079.6,27007.8
1102,30639.3,27007.8
1103,30596.8,27007.8
1104,29722.3,27007.8
1105,30596.8,27007.8
1106,28810.3,27007.8
1107,30596.8,27007.8
1108,30323.9,27007.8
1109,29391.7,27007.8
1110,30323.9,27007.8
1111,28721.8,27007.8
1112,30323.9,27007.8
1113,29919,27007.8
1114,30323.9,27007.8
1115,30596.8,27007.8
1116,29870.8,27007.8
1117,30596.8,27007.8
1118,30639.3,27007.8
1119,29696.3,27007.8
1120,30639.3,27007.8
1121,30876.7,27007.8
1122,31144.9,27007.8
1123,31163.6,27007.8
1124,31291.5,27007.8
1125,30431.6,27007.8
1126,31362.1,27007.8
1127,31205.8,27007.8
1128,31362.1,27007.8
1129,29673.1,27007.8
1130,31362.1,27007.8
1131,30431.6,27007.8
1132,31507.8,27007.8
1133,31126.2,27007.8
1134,30733.2,27007.8
1135,31126.2,27007.8
1136,31507.8,27007.8
1137,31339,27007.8
1138,31220.4,27007.8
1139,30996.2,27007.8
1140,30114.7,27007.8
1141,30996.2,27007.8
1142,30784.8,27007.8
1143,30741,27007.8
1144,30784.8,27007.8
1145,30996.2,27007.8
1146,28099,27007.8
1147,28004.6,27007.8
1148,28099,27007.8
1149,30996.2,27007.8
1150,30991.5,27007.8
1151,30996.2,27007.8
1152,29453.8,27007.8
1153,30996.2,27007.8
1154,30795.7,27007.8
1155,30996.2,27007.8
1156,29720.1,27007.8
1157,29336.8,27007.8
1158,29720.1,27007.8
1159,30996.2,27007.8
1160,30755.5,27007.8
1161,30555.7,27007.8
1162,30755.5,27007.8
1163,30996.2,27007.8
1164,30870.6,27007.8
1165,30560.8,27007.8
1166,30870.6,27007.8
1167,30996.2,27007.8
1168,29876.8,27007.8
1169,30996.2,27007.8
1170,31220.4,27007.8
1171,30335,27007.8
1172,29253.2,27007.8
1173,30335,27007.8
1174,31220.4,27007.8
1175,31007.8,27007.8
1176,31220.4,27007.8
1177,31157,27007.8
1178,29702,27007.8
1179,31157,27007.8
1180,31220.4,27007.8
1181,31339,27007.8
1182,30374,27007.8
1183,31339,27007.8
1184,31337.8,27007.8
1185,30137.4,27007.8
1186,29913.2,27007.8
1187,29693.9,27007.8
1188,29913.2,27007.8
1189,30137.4,27007.8
1190,30079.4,27007.8
1191,30137.4,27007.8
1192,30005.1,27007.8
1193,30137.4,27007.8
1194,29030.6,27007.8
1195,30137.4,27007.8
1196,31337.8,27007.8
1197,31339,27007.8
1198,30426.7,27007.8
1199,31339,27007.8
1200,31169.6,27007.8
1201,29595.9,27007.8
1202,29371.7,27007.8
1203,29298.8,27007.8
1204,29371.7,27007.8
1205,29595.9,27007.8
1206,29584.8,27007.8
1207,29595.9,27007.8
1208,27844,27007.8
1209,29595.9,27007.8
1210,31169.6,27007.8
1211,31339,27007.8
1212,31507.8,27007.8
1213,29603,27007.8
1214,29571.6,27007.8
1215,29603,27007.8
1216,31507.8,27007.8
1217,30431.6,27007.8
1218,30991.2,27007.8
1219,30714.5,27007.8
1220,30320.2,27007.8
1221,30714.5,27007.8
1222,30991.2,27007.8
1223,30821.1,27007.8
1224,30806.8,27007.8
1225,30582.6,27007.8
1226,29598.1,27007.8
1227,29174.3,27007.8
1228,29160,27007.8
1229,29174.3,27007.8
1230,29598.1,27007.8
1231,30582.6,27007.8
1232,30396.2,27007.8
1233,30353,27007.8
1234,30396.2,27007.8
1235,30582.6,27007.8
1236,30806.8,27007.8
1237,30051.3,27007.8
1238,28865.2,27007.8
1239,30051.3,27007.8
1240,30806.8,27007.8
1241,30592.5,27007.8
1242,30806.8,27007.8
1243,30821.1,27007.8
1244,30090.4,27007.8
1245,30821.1,27007.8
1246,30819.5,27007.8
1247,29619,27007.8
1248,29394.8,27007.8
1249,29175.6,27007.8
1250,29394.8,27007.8
1251,29619,27007.8
1252,29559.2,27007.8
1253,29619,27007.8
1254,29488.5,27007.8
1255,29619,27007.8
1256,28512.2,27007.8
1257,28138.9,27007.8
1258,28512.2,27007.8
1259,28033.9,27007.8
1260,28512.2,27007.8
1261,29619,27007.8
1262,30819.5,27007.8
1263,30821.1,27007.8
1264,30150,27007.8
1265,30821.1,27007.8
1266,30770.1,27007.8
1267,29196.4,27007.8
1268,28972.2,27007.8
1269,29196.4,27007.8
1270,29185.3,27007.8
1271,29196.4,27007.8
1272,27444.5,27007.8
1273,29196.4,27007.8
1274,30770.1,27007.8
1275,30821.1,27007.8
1276,30991.2,27007.8
1277,29189.5,27007.8
1278,30991.2,27007.8
1279,27869.9,27007.8
1280,30991.2,27007.8
1281,30431.6,27007.8
1282,29303.9,27007.8
1283,30431.6,27007.8
1284,30515.8,27007.8
1285,30431.6,27007.8
1286,31022.4,27007.8
1287,30636.9,27007.8
1288,31022.4,27007.8
1289,30831.2,27007.8
1290,30726.7,27007.8
1291,30502.4,27007.8
1292,29629.2,27007.8
1293,30502.4,27007.8
1294,27599.4,27007.8
1295,27487,27007.8
1296,27599.4,27007.8
1297,30502.4,27007.8
1298,30491.6,27007.8
1299,30502.4,27007.8
1300,28923.2,27007.8
1301,30502.4,27007.8
1302,30246.5,27007.8
1303,30238.5,27007.8
1304,30246.5,27007.8
1305,30502.4,27007.8
1306,29242.3,27007.8
1307,28841.1,27007.8
1308,29242.3,27007.8
1309,30502.4,27007.8
1310,30265.1,27007.8
1311,30502.4,27007.8
1312,30389.6,27007.8
1313,30502.4,27007.8
1314,29336.1,27007.8
1315,29326.7,27007.8
1316,29336.1,27007.8
1317,30502.4,27007.8
1318,30489.8,27007.8
1319,30484.3,27007.8
1320,30489.8,27007.8
1321,30502.4,27007.8
1322,30385.6,27007.8
1323,30194.7,27007.8
1324,30385.6,27007.8
1325,30502.4,27007.8
1326,30726.7,27007.8
1327,30663.4,27007.8
1328,30726.7,27007.8
1329,29799.4,27007.8
1330,28703.5,27007.8
1331,29799.4,27007.8
1332,30726.7,27007.8
1333,30504.4,27007.8
1334,30726.7,27007.8
1335,30653.3,27007.8
1336,29184.1,27007.8
1337,30653.3,27007.8
1338,30726.7,27007.8
1339,30831.2,27007.8
1340,29884.9,27007.8
1341,30831.2,27007.8
1342,30825.8,27007.8
1343,30708.3,27007.8
1344,30484.1,27007.8
1345,30210.5,27007.8
1346,30484.1,27007.8
1347,29614,27007.8
1348,29179.1,27007.8
1349,29061.5,27007.8
1350,29179.1,27007.8
1351,29614,27007.8
1352,30484.1,27007.8
1353,30271.4,27007.8
1354,30270.8,27007.8
1355,30271.4,27007.8
1356,30484.1,27007.8
1357,30245.3,27007.8
1358,29752,27007.8
1359,29317.1,27007.8
1360,29752,27007.8
1361,30245.3,27007.8
1362,30034.1,27007.8
1363,30245.3,27007.8
1364,30243.7,27007.8
1365,30245.3,27007.8
1366,30060.3,27007.8
1367,30059.6,27007.8
1368,30060.3,27007.8
1369,30245.3,27007.8
1370,30484.1,27007.8
1371,30366.6,27007.8
1372,30484.1,27007.8
1373,29330.1,27007.8
1374,29328.2,27007.8
1375,29330.1,27007.8
1376,30484.1,27007.8
1377,30478.7,27007.8
1378,30484.1,27007.8
1379,30708.3,27007.8
1380,29791.2,27007.8
1381,28708.3,27007.8
1382,29791.2,27007.8
1383,30708.3,27007.8
1384,30490,27007.8
1385,30708.3,27007.8
1386,30628.3,27007.8
1387,29172.2,27007.8
1388,30628.3,27007.8
1389,30708.3,27007.8
1390,30825.8,27007.8
1391,30831.2,27007.8
1392,31022.4,27007.8
1393,29109.3,27007.8
1394,31022.4,27007.8
1395,27901,27007.8
1396,31022.4,27007.8
1397,30431.6,27007.8
1398,31040.5,27007.8
1399,30633,27007.8
1400,30330.5,27007.8
1401,30633,27007.8
1402,31040.5,27007.8
1403,30962.2,27007.8
1404,30725.9,27007.8
1405,30501.7,27007.8
1406,29647.3,27007.8
1407,29314.7,27007.8
1408,29078.4,27007.8
1409,29314.7,27007.8
1410,29647.3,27007.8
1411,30501.7,27007.8
1412,27692.4,27007.8
1413,27689.8,27007.8
1414,27692.4,27007.8
1415,30501.7,27007.8
1416,30725.9,27007.8
1417,30659.5,27007.8
1418,30725.9,27007.8
1419,29913.9,27007.8
1420,28949.7,27007.8
1421,29913.9,27007.8
1422,30725.9,27007.8
1423,30575.4,27007.8
1424,30725.9,27007.8
1425,30655.4,27007.8
1426,29317.9,27007.8
1427,30655.4,27007.8
1428,30725.9,27007.8
1429,30962.2,27007.8
1430,29953,27007.8
1431,30962.2,27007.8
1432,30932.5,27007.8
1433,29732,27007.8
1434,29507.8,27007.8
1435,29288.6,27007.8
1436,29507.8,27007.8
1437,29732,27007.8
1438,29672.8,27007.8
1439,29732,27007.8
1440,29537.7,27007.8
1441,29732,27007.8
1442,28625.2,27007.8
1443,28252,27007.8
1444,28625.2,27007.8
1445,28028.6,27007.8
1446,28625.2,27007.8
1447,29732,27007.8
1448,30932.5,27007.8
1449,30962.2,27007.8
1450,30024.3,27007.8
1451,30962.2,27007.8
1452,31040.5,27007.8
1453,29108.6,27007.8
1454,31040.5,27007.8
1455,30431.6,27007.8
1456,29974.4,27007.8
1457,30431.6,27007.8
1458,30867.9,27007.8
1459,30788.6,27007.8
1460,30350.1,27007.8
1461,30788.6,27007.8
1462,30781.4,27007.8
1463,30788.6,27007.8
1464,29132.2,27007.8
1465,28900.1,27007.8
1466,28685.8,27007.8
1467,28900.1,27007.8
1468,29132.2,27007.8
1469,29047.8,27007.8
1470,29132.2,27007.8
1471,30788.6,27007.8
1472,30867.9,27007.8
1473,30653.6,27007.8
1474,30867.9,27007.8
1475,29137.5,27007.8
1476,29099.1,27007.8
1477,29137.5,27007.8
1478,30867.9,27007.8
1479,30431.6,27007.8
1480,31596.3,27007.8
1481,30261.1,27007.8
1482,29983.9,27007.8
1483,30261.1,27007.8
1484,31596.3,27007.8
1485,28701.1,27007.8
1486,31596.3,27007.8
1487,30431.6,27007.8
1488,31621.3,27007.8
1489,31485.9,27007.8
1490,31092.4,27007.8
1491,30868.2,27007.8
1492,30636.6,27007.8
1493,30868.2,27007.8
1494,30228.2,27007.8
1495,30868.2,27007.8
1496,28238.6,27007.8
1497,28175.7,27007.8
1498,28238.6,27007.8
1499,30868.2,27007.8
1500,29576.5,27007.8
1501,30868.2,27007.8
1502,30783.8,27007.8
1503,30868.2,27007.8
1504,29813.2,27007.8
1505,29461.4,27007.8
1506,29813.2,27007.8
1507,30868.2,27007.8
1508,30634.4,27007.8
1509,30868.2,27007.8
1510,29948.2,27007.8
1511,30868.2,27007.8
1512,31092.4,27007.8
1513,31022.8,27007.8
1514,31092.4,27007.8
1515,30904,27007.8
1516,31092.4,27007.8
1517,31485.9,27007.8
1518,29996,27007.8
1519,31485.9,27007.8
1520,31475.5,27007.8
1521,30275.1,27007.8
1522,30050.9,27007.8
1523,29831.6,27007.8
1524,30050.9,27007.8
1525,29042.4,27007.8
1526,28991.8,27007.8
1527,29042.4,27007.8
1528,30050.9,27007.8
1529,30040.8,27007.8
1530,30050.9,27007.8
1531,29549.5,27007.8
1532,30050.9,27007.8
1533,30275.1,27007.8
1534,30219,27007.8
1535,30275.1,27007.8
1536,29150.1,27007.8
1537,30275.1,27007.8
1538,30118.6,27007.8
1539,30275.1,27007.8
1540,31475.5,27007.8
1541,31485.9,27007.8
1542,30041,27007.8
1543,31485.9,27007.8
1544,31316.4,27007.8
1545,29742.7,27007.8
1546,29518.5,27007.8
1547,29445.6,27007.8
1548,29518.5,27007.8
1549,29742.7,27007.8
1550,29731.7,27007.8
1551,29570.3,27007.8
1552,29535,27007.8
1553,29570.3,27007.8
1554,29731.7,27007.8
1555,29742.7,27007.8
1556,29597.8,27007.8
1557,29742.7,27007.8
1558,31316.4,27007.8
1559,31485.9,27007.8
1560,31122.1,27007.8
1561,31004.5,27007.8
1562,30780.3,27007.8
1563,30506.8,27007.8
1564,30780.3,27007.8
1565,29910.3,27007.8
1566,29475.3,27007.8
1567,29357.8,27007.8
1568,29475.3,27007.8
1569,29910.3,27007.8
1570,30780.3,27007.8
1571,30546.7,27007.8
1572,30492.4,27007.8
1573,30546.7,27007.8
1574,30780.3,27007.8
1575,27886.8,27007.8
1576,27781.9,27007.8
1577,27886.8,27007.8
1578,30780.3,27007.8
1579,30775.6,27007.8
1580,29976.8,27007.8
1581,29541.9,27007.8
1582,29976.8,27007.8
1583,30775.6,27007.8
1584,27889,27007.8
1585,30775.6,27007.8
1586,29578.4,27007.8
1587,29536.3,27007.8
1588,29578.4,27007.8
1589,30775.6,27007.8
1590,29516.3,27007.8
1591,30775.6,27007.8
1592,30711.1,27007.8
1593,30217.8,27007.8
1594,29782.9,27007.8
1595,30217.8,27007.8
1596,30711.1,27007.8
1597,30499.9,27007.8
1598,30445.6,27007.8
1599,30499.9,27007.8
1600,30711.1,27007.8
1601,28570.7,27007.8
1602,28465.8,27007.8
1603,28570.7,27007.8
1604,30711.1,27007.8
1605,30775.6,27007.8
1606,29740.4,27007.8
1607,29738.5,27007.8
1608,29740.4,27007.8
1609,30775.6,27007.8
1610,30746.3,27007.8
1611,30775.6,27007.8
1612,30780.3,27007.8
1613,30396.1,27007.8
1614,30395.5,27007.8
1615,30396.1,27007.8
1616,30780.3,27007.8
1617,29519.4,27007.8
1618,29125.6,27007.8
1619,29519.4,27007.8
1620,30780.3,27007.8
1621,30541.6,27007.8
1622,30331.3,27007.8
1623,30541.6,27007.8
1624,30048.3,27007.8
1625,30541.6,27007.8
1626,30330.3,27007.8
1627,30276,27007.8
1628,30330.3,27007.8
1629,30173.6,27007.8
1630,29738.7,27007.8
1631,30173.6,27007.8
1632,29906.2,27007.8
1633,30173.6,27007.8
1634,30330.3,27007.8
1635,30541.6,27007.8
1636,28404.9,27007.8
1637,28300,27007.8
1638,28404.9,27007.8
1639,30541.6,27007.8
1640,30780.3,27007.8
1641,30662.9,27007.8
1642,30335.1,27007.8
1643,30662.9,27007.8
1644,28562.6,27007.8
1645,30662.9,27007.8
1646,30780.3,27007.8
1647,29626.4,27007.8
1648,29624.4,27007.8
1649,29626.4,27007.8
1650,30780.3,27007.8
1651,30775,27007.8
1652,30780.3,27007.8
1653,30696.3,27007.8
1654,30512.8,27007.8
1655,30696.3,27007.8
1656,30374.2,27007.8
1657,29221,27007.8
1658,29201.7,27007.8
1659,29018.2,27007.8
1660,29201.7,27007.8
1661,29221,27007.8
1662,30374.2,27007.8
1663,30696.3,27007.8
1664,30624.9,27007.8
1665,30696.3,27007.8
1666,30780.3,27007.8
1667,31004.5,27007.8
1668,30938.8,27007.8
1669,31004.5,27007.8
1670,30087.5,27007.8
1671,29004.6,27007.8
1672,30087.5,27007.8
1673,31004.5,27007.8
1674,30786.2,27007.8
1675,31004.5,27007.8
1676,31122.1,27007.8
1677,31485.9,27007.8
1678,31484.8,27007.8
1679,31216.6,27007.8
1680,30992.4,27007.8
1681,30719.4,27007.8
1682,30992.4,27007.8
1683,30270.5,27007.8
1684,29836.2,27007.8
1685,29567.9,27007.8
1686,29836.2,27007.8
1687,30270.5,27007.8
1688,30992.4,27007.8
1689,30708.5,27007.8
1690,30654.8,27007.8
1691,30708.5,27007.8
1692,30456,27007.8
1693,30021.7,27007.8
1694,29413.9,27007.8
1695,30021.7,27007.8
1696,30456,27007.8
1697,30429.4,27007.8
1698,30026.4,27007.8
1699,29445.2,27007.8
1700,30026.4,27007.8
1701,30429.4,27007.8
1702,30456,27007.8
1703,30708.5,27007.8
1704,28471.4,27007.8
1705,28367.1,27007.8
1706,28471.4,27007.8
1707,30708.5,27007.8
1708,30992.4,27007.8
1709,28250.6,27007.8
1710,28146.2,27007.8
1711,28250.6,27007.8
1712,30992.4,27007.8
1713,29413.7,27007.8
1714,30992.4,27007.8
1715,29808.2,27007.8
1716,29415,27007.8
1717,28962.7,27007.8
1718,28921.6,27007.8
1719,28833.7,27007.8
1720,28921.6,27007.8
1721,28962.7,27007.8
1722,29415,27007.8
1723,29393.6,27007.8
1724,29415,27007.8
1725,28201.5,27007.8
1726,29415,27007.8
1727,29204.3,27007.8
1728,29415,27007.8
1729,29118.7,27007.8
1730,29415,27007.8
1731,29808.2,27007.8
1732,28826.8,27007.8
1733,28773.1,27007.8
1734,28826.8,27007.8
1735,29808.2,27007.8
1736,29586.7,27007.8
1737,29386.6,27007.8
1738,29586.7,27007.8
1739,28946.7,27007.8
1740,28512.4,27007.8
1741,28139.7,27007.8
1742,28120.1,27007.8
1743,28139.7,27007.8
1744,28512.4,27007.8
1745,28946.7,27007.8
1746,29586.7,27007.8
1747,28487.6,27007.8
1748,28383.2,27007.8
1749,28487.6,27007.8
1750,29586.7,27007.8
1751,29245.9,27007.8
1752,29586.7,27007.8
1753,28423.6,27007.8
1754,28382.2,27007.8
1755,28423.6,27007.8
1756,29586.7,27007.8
1757,29808.2,27007.8
1758,30992.4,27007.8
1759,30908.2,27007.8
1760,30588.4,27007.8
1761,30037.6,27007.8
1762,30588.4,27007.8
1763,29623.3,27007.8
1764,30588.4,27007.8
1765,30400.2,27007.8
1766,30588.4,27007.8
1767,30019.4,27007.8
1768,29946,27007.8
1769,30019.4,27007.8
1770,30588.4,27007.8
1771,30908.2,27007.8
1772,30992.4,27007.8
1773,29920,27007.8
1774,30992.4,27007.8
1775,31216.6,27007.8
1776,31149,27007.8
1777,31216.6,27007.8
1778,30099.2,27007.8
1779,29167,27007.8
1780,30099.2,27007.8
1781,31216.6,27007.8
1782,30999.9,27007.8
1783,31216.6,27007.8
1784,30979.2,27007.8
1785,29673.7,27007.8
1786,30979.2,27007.8
1787,31216.6,27007.8
1788,31484.8,27007.8
1789,31485.9,27007.8
1790,30271.2,27007.8
1791,30088,27007.8
1792,30271.2,27007.8
1793,30030.7,27007.8
1794,29959.6,27007.8
1795,30030.7,27007.8
1796,30271.2,27007.8
1797,30202.9,27007.8
1798,29002.4,27007.8
1799,28778.2,27007.8
1800,28559,27007.8
1801,28778.2,27007.8
1802,29002.4,27007.8
1803,30202.9,27007.8
1804,28784.7,27007.8
1805,30202.9,27007.8
1806,28973.4,27007.8
1807,28855.8,27007.8
1808,28631.6,27007.8
1809,28855.8,27007.8
1810,28763.7,27007.8
1811,28602.3,27007.8
1812,28763.7,27007.8
1813,28355.2,27007.8
1814,28763.7,27007.8
1815,28855.8,27007.8
1816,28973.4,27007.8
1817,30202.9,27007.8
1818,30125.5,27007.8
1819,30202.9,27007.8
1820,29643.5,27007.8
1821,29250,27007.8
1822,29153.9,27007.8
1823,29250,27007.8
1824,29094.6,27007.8
1825,29250,27007.8
1826,28816.9,27007.8
1827,29250,27007.8
1828,29643.5,27007.8
1829,30202.9,27007.8
1830,30271.2,27007.8
1831,31485.9,27007.8
1832,31621.3,27007.8
1833,30431.6,27007.8
1834,30702.3,27007.8
1835,30431.6,27007.8
1836,31598.5,27007.8
1837,30526.2,27007.8
1838,30143.3,27007.8
1839,30526.2,27007.8
1840,31598.5,27007.8
1841,31439.8,27007.8
1842,30622.6,27007.8
1843,30398.4,27007.8
1844,30205.4,27007.8
1845,29788.8,27007.8
1846,28971.7,27007.8
1847,29788.8,27007.8
1848,30205.4,27007.8
1849,30398.4,27007.8
1850,29888.8,27007.8
1851,29852.9,27007.8
1852,29888.8,27007.8
1853,30398.4,27007.8
1854,28202.8,27007.8
1855,28116.2,27007.8
1856,28202.8,27007.8
1857,30398.4,27007.8
1858,30360.2,27007.8
1859,30398.4,27007.8
1860,29511.1,27007.8
1861,30398.4,27007.8
1862,30622.6,27007.8
1863,30552.8,27007.8
1864,30622.6,27007.8
1865,28748.4,27007.8
1866,28365,27007.8
1867,28748.4,27007.8
1868,30622.6,27007.8
1869,30421,27007.8
1870,30622.6,27007.8
1871,29835.1,27007.8
1872,29078.5,27007.8
1873,29835.1,27007.8
1874,30622.6,27007.8
1875,31439.8,27007.8
1876,28787.4,27007.8
1877,31439.8,27007.8
1878,31439.4,27007.8
1879,30238.9,27007.8
1880,30014.7,27007.8
1881,29795.5,27007.8
1882,30014.7,27007.8
1883,30238.9,27007.8
1884,30183.1,27007.8
1885,30238.9,27007.8
1886,30095.8,27007.8
1887,30238.9,27007.8
1888,29132.1,27007.8
1889,28758.9,27007.8
1890,29132.1,27007.8
1891,30238.9,27007.8
1892,31439.4,27007.8
1893,31439.8,27007.8
1894,28806.5,27007.8
1895,31439.8,27007.8
1896,31237.8,27007.8
1897,29664,27007.8
1898,29439.8,27007.8
1899,29367,27007.8
1900,29439.8,27007.8
1901,29664,27007.8
1902,29653,27007.8
1903,29664,27007.8
1904,27912.2,27007.8
1905,29664,27007.8
1906,31237.8,27007.8
1907,31439.8,27007.8
1908,30521.6,27007.8
1909,30404.1,27007.8
1910,30179.9,27007.8
1911,29906.3,27007.8
1912,30179.9,27007.8
1913,29309.8,27007.8
1914,28874.9,27007.8
1915,28757.3,27007.8
1916,28874.9,27007.8
1917,29309.8,27007.8
1918,30179.9,27007.8
1919,29946.3,27007.8
1920,29892,27007.8
1921,29946.3,27007.8
1922,30179.9,27007.8
1923,27286.4,27007.8
1924,27181.4,27007.8
1925,27286.4,27007.8
1926,30179.9,27007.8
1927,30404.1,27007.8
1928,30338.4,27007.8
1929,30404.1,27007.8
1930,29487,27007.8
1931,28404.1,27007.8
1932,29487,27007.8
1933,30404.1,27007.8
1934,30185.7,27007.8
1935,30404.1,27007.8
1936,30521.6,27007.8
1937,31439.8,27007.8
1938,31418.5,27007.8
1939,31150.3,27007.8
1940,30926.1,27007.8
1941,30653.1,27007.8
1942,30926.1,27007.8
1943,30204.2,27007.8
1944,29769.8,27007.8
1945,29501.6,27007.8
1946,29769.8,27007.8
1947,30204.2,27007.8
1948,30926.1,27007.8
1949,30642.2,27007.8
1950,30588.5,27007.8
1951,30642.2,27007.8
1952,30926.1,27007.8
1953,28184.2,27007.8
1954,28079.9,27007.8
1955,28184.2,27007.8
1956,30926.1,27007.8
1957,30906.9,27007.8
1958,30926.1,27007.8
1959,28943,27007.8
1960,30926.1,27007.8
1961,30674.2,27007.8
1962,30656.4,27007.8
1963,30674.2,27007.8
1964,30926.1,27007.8
1965,29295.7,27007.8
1966,28902.5,27007.8
1967,29295.7,27007.8
1968,30926.1,27007.8
1969,30698.6,27007.8
1970,30488.9,27007.8
1971,30698.6,27007.8
1972,30926.1,27007.8
1973,30841.9,27007.8
1974,30522.1,27007.8
1975,30841.9,27007.8
1976,30926.1,27007.8
1977,29853.7,27007.8
1978,30926.1,27007.8
1979,31150.3,27007.8
1980,31082.7,27007.8
1981,31150.3,27007.8
1982,30032.8,27007.8
1983,29100.6,27007.8
1984,30032.8,27007.8
1985,31150.3,27007.8
1986,30933.6,27007.8
1987,31150.3,27007.8
1988,30912.9,27007.8
1989,29607.4,27007.8
1990,30912.9,27007.8
1991,31150.3,27007.8
1992,31418.5,27007.8
1993,31439.8,27007.8
1994,29835.1,27007.8
1995,29785.8,27007.8
1996,29561.6,27007.8
1997,29785.8,27007.8
1998,29749.5,27007.8
1999,29785.8,27007.8
2000,29555.5,27007.8
2001,28404.2,27007.8
2002,28221.1,27007.8
2003,28066.5,27007.8
2004,28221.1,27007.8
2005,28404.2,27007.8
2006,29555.5,27007.8
2007,28447.1,27007.8
2008,29555.5,27007.8
2009,28208.2,27007.8
2010,29555.5,27007.8
2011,29416.8,27007.8
2012,27892.2,27007.8
2013,27709.1,27007.8
2014,27669.5,27007.8
2015,27709.1,27007.8
2016,27892.2,27007.8
2017,29416.8,27007.8
2018,29555.5,27007.8
2019,28360.8,27007.8
2020,28292.4,27007.8
2021,28109.2,27007.8
2022,28292.4,27007.8
2023,28271.2,27007.8
2024,28200.1,27007.8
2025,28018.7,27007.8
2026,28200.1,27007.8
2027,28271.2,27007.8
2028,28292.4,27007.8
2029,28360.8,27007.8
2030,29555.5,27007.8
2031,28870.1,27007.8
2032,28651.1,27007.8
2033,28636.7,27007.8
2034,28651.1,27007.8
2035,28870.1,27007.8
2036,29555.5,27007.8
2037,29391.9,27007.8
2038,28624,27007.8
2039,28440.8,27007.8
2040,28244.6,27007.8
2041,28440.8,27007.8
2042,28624,27007.8
2043,29391.9,27007.8
2044,29555.5,27007.8
2045,29173,27007.8
2046,28079.6,27007.8
2047,27896.4,27007.8
2048,27870.3,27007.8
2049,27896.4,27007.8
2050,28079.6,27007.8
2051,29173,27007.8
2052,29555.5,27007.8
2053,29374.8,27007.8
2054,28173.5,27007.8
2055,27990.3,27007.8
2056,28173.5,27007.8
2057,29374.8,27007.8
2058,29339.3,27007.8
2059,28174.8,27007.8
2060,28027.1,27007.8
2061,28174.8,27007.8
2062,29339.3,27007.8
2063,28151.7,27007.8
2064,29339.3,27007.8
2065,29374.8,27007.8
2066,28141.6,27007.8
2067,29374.8,27007.8
2068,29555.5,27007.8
2069,28959.6,27007.8
2070,28834.4,27007.8
2071,28651.2,27007.8
2072,28414.3,27007.8
2073,28651.2,27007.8
2074,28834.4,27007.8
2075,28816.8,27007.8
2076,28745.6,27007.8
2077,28567.4,27007.8
2078,28745.6,27007.8
2079,28816.8,27007.8
2080,28834.4,27007.8
2081,28959.6,27007.8
2082,29555.5,27007.8
2083,29407.2,27007.8
2084,29555.5,27007.8
2085,29300.8,27007.8
2086,29555.5,27007.8
2087,29338.5,27007.8
2088,29555.5,27007.8
2089,29785.8,27007.8
2090,29835.1,27007.8
2091,29594.6,27007.8
2092,29835.1,27007.8
2093,29703.9,27007.8
2094,29835.1,27007.8
2095,31439.8,27007.8
2096,31598.5,27007.8
2097,29005.3,27007.8
2098,31598.5,27007.8
2099,30431.6,27007.8
2100,31351.8,27007.8
2101,30970.5,27007.8
2102,30518.7,27007.8
2103,30970.5,27007.8
2104,31351.8,27007.8
2105,31124.2,27007.8
2106,31029.6,27007.8
2107,30805.4,27007.8
2108,29958.7,27007.8
2109,29510.6,27007.8
2110,29415.9,27007.8
2111,29412.3,27007.8
2112,29415.9,27007.8
2113,29510.6,27007.8
2114,29958.7,27007.8
2115,30805.4,27007.8
2116,27903.6,27007.8
2117,27785.4,27007.8
2118,27903.6,27007.8
2119,30805.4,27007.8
2120,29304.2,27007.8
2121,29291.1,27007.8
2122,29304.2,27007.8
2123,30805.4,27007.8
2124,30531,27007.8
2125,30517.2,27007.8
2126,30531,27007.8
2127,30805.4,27007.8
2128,30589.2,27007.8
2129,30365.7,27007.8
2130,30589.2,27007.8
2131,30805.4,27007.8
2132,30737.9,27007.8
2133,30404.3,27007.8
2134,30367.4,27007.8
2135,30252.8,27007.8
2136,29968.7,27007.8
2137,29894.5,27007.8
2138,29968.7,27007.8
2139,30252.8,27007.8
2140,30367.4,27007.8
2141,30404.3,27007.8
2142,29725.6,27007.8
2143,30404.3,27007.8
2144,29659.4,27007.8
2145,30404.3,27007.8
2146,29370.1,27007.8
2147,30404.3,27007.8
2148,30318,27007.8
2149,30404.3,27007.8
2150,30737.9,27007.8
2151,30805.4,27007.8
2152,29695.2,27007.8
2153,29680.1,27007.8
2154,29695.2,27007.8
2155,30805.4,27007.8
2156,31029.6,27007.8
2157,30997,27007.8
2158,31029.6,27007.8
2159,30943.6,27007.8
2160,29464.5,27007.8
2161,30943.6,27007.8
2162,31029.6,27007.8
2163,31124.2,27007.8
2164,30008.9,27007.8
2165,31124.2,27007.8
2166,30038.5,27007.8
2167,31124.2,27007.8
2168,31015.6,27007.8
2169,29441.9,27007.8
2170,29217.7,27007.8
2171,29144.8,27007.8
2172,29217.7,27007.8
2173,29441.9,27007.8
2174,27690,27007.8
2175,29441.9,27007.8
2176,31015.6,27007.8
2177,31124.2,27007.8
2178,31097.6,27007.8
2179,30980.1,27007.8
2180,30914.4,27007.8
2181,30980.1,27007.8
2182,30063,27007.8
2183,28980.1,27007.8
2184,30063,27007.8
2185,30980.1,27007.8
2186,30761.7,27007.8
2187,30980.1,27007.8
2188,30912.8,27007.8
2189,30980.1,27007.8
2190,31097.6,27007.8
2191,31124.2,27007.8
2192,31351.8,27007.8
2193,30431.6,27007.8
2194,30020.2,27007.8
2195,30431.6,27007.8
2196,30510.6,27007.8
2197,30431.6,27007.8
2198,30183.6,27007.8
2199,29941.7,27007.8
2200,29763.9,27007.8
2201,29941.7,27007.8
2202,30183.6,27007.8
2203,30431.6,27007.8
2204,30170.9,27007.8
2205,30431.6,27007.8
2206,30457.5,27007.8
2207,29801.9,27007.8
2208,29353.1,27007.8
2209,29801.9,27007.8
2210,28145.5,27007.8
2211,27749.3,27007.8
2212,27524.7,27007.8
2213,27749.3,27007.8
2214,28145.5,27007.8
2215,28050.7,27007.8
2216,27973.8,27007.8
2217,28050.7,27007.8
2218,28145.5,27007.8
2219,27748.5,27007.8
2220,27697.2,27007.8
2221,27472.6,27007.8
2222,27697.2,27007.8
2223,27748.5,27007.8
2224,27559.1,27007.8
2225,27748.5,27007.8
2226,28145.5,27007.8
2227,27944.6,27007.8
2228,28145.5,27007.8
2229,29801.9,27007.8
2230,28563.6,27007.8
2231,28512.4,27007.8
2232,28287.8,27007.8
2233,28512.4,27007.8
2234,28135.8,27007.8
2235,27973.8,27007.8
2236,27628.9,27007.8
2237,27973.8,27007.8
2238,27141.2,27007.8
2239,27973.8,27007.8
2240,27356.7,27007.8
2241,27973.8,27007.8
2242,28135.8,27007.8
2243,27895,27007.8
2244,28135.8,27007.8
2245,27865.7,27007.8
2246,28135.8,27007.8
2247,28512.4,27007.8
2248,28563.6,27007.8
2249,29801.9,27007.8
2250,30457.5,27007.8
2251,30232.9,27007.8
2252,29865.1,27007.8
2253,29640.8,27007.8
2254,29064.3,27007.8
2255,29640.8,27007.8
2256,29081,27007.8
2257,29640.8,27007.8
2258,27011.9,27007.8
2259,26892.7,26892.7
2260,27011.9,26892.7
2261,29640.8,26892.7
2262,29602.1,26892.7
2263,29640.8,26892.7
2264,28372.3,26892.7
2265,29640.8,26892.7
2266,29547.9,26892.7
2267,29533.1,26892.7
2268,29547.9,26892.7
2269,29640.8,26892.7
2270,28691.8,26892.7
2271,28283.7,26892.7
2272,28691.8,26892.7
2273,29640.8,26892.7
2274,29495.5,26892.7
2275,29271,26892.7
2276,29495.5,26892.7
2277,29640.8,26892.7
2278,29865.1,26892.7
2279,29828.5,26892.7
2280,29865.1,26892.7
2281,28357.3,26892.7
2282,27996.8,26892.7
2283,28357.3,26892.7
2284,27715.5,26892.7
2285,28357.3,26892.7
2286,29865.1,26892.7
2287,29493.7,26892.7
2288,29865.1,26892.7
2289,30232.9,26892.7
2290,28396.4,26892.7
2291,30232.9,26892.7
2292,30457.5,26892.7
2293,30431.6,26892.7
2294,29479.2,26892.7
2295,30431.6,26892.7
2296,30701.5,26892.7
2297,30431.6,26892.7
2298,30754.8,26892.7
2299,30431.6,26892.7
2300,30301.4,26892.7
2301,30140,26892.7
2302,30301.4,26892.7
2303,30431.6,26892.7
2304,31063.9,26892.7
2305,30687.1,26892.7
2306,30301.4,26892.7
2307,30687.1,26892.7
2308,31063.9,26892.7
2309,30902.4,26892.7
2310,30782.1,26892.7
2311,30557.9,26892.7
2312,29670.8,26892.7
2313,29252.9,26892.7
2314,29132.6,26892.7
2315,29252.9,26892.7
2316,29670.8,26892.7
2317,30557.9,26892.7
2318,30357.7,26892.7
2319,30320.4,26892.7
2320,30357.7,26892.7
2321,30557.9,26892.7
2322,27659.6,26892.7
2323,27571.7,26892.7
2324,27659.6,26892.7
2325,30557.9,26892.7
2326,30555.3,26892.7
2327,30557.9,26892.7
2328,29037.6,26892.7
2329,30557.9,26892.7
2330,30375.6,26892.7
2331,30557.9,26892.7
2332,29274.1,26892.7
2333,28897.3,26892.7
2334,29274.1,26892.7
2335,30557.9,26892.7
2336,30316.5,26892.7
2337,30123.3,26892.7
2338,30316.5,26892.7
2339,30557.9,26892.7
2340,30428.4,26892.7
2341,30125,26892.7
2342,30428.4,26892.7
2343,30557.9,26892.7
2344,29458.4,26892.7
2345,30557.9,26892.7
2346,30782.1,26892.7
2347,30713.7,26892.7
2348,30782.1,26892.7
2349,29912.8,26892.7
2350,28832.6,26892.7
2351,29912.8,26892.7
2352,30782.1,26892.7
2353,30573.3,26892.7
2354,30782.1,26892.7
2355,30725.7,26892.7
2356,29272.3,26892.7
2357,30725.7,26892.7
2358,30782.1,26892.7
2359,30902.4,26892.7
2360,29951.8,26892.7
2361,30902.4,26892.7
2362,30897.6,26892.7
2363,29697.2,26892.7
2364,29473,26892.7
2365,29253.7,26892.7
2366,29473,26892.7
2367,29697.2,26892.7
2368,29640,26892.7
2369,29697.2,26892.7
2370,30897.6,26892.7
2371,30902.4,26892.7
2372,30006.5,26892.7
2373,30902.4,26892.7
2374,30757,26892.7
2375,29183.3,26892.7
2376,28959.1,26892.7
2377,28886.2,26892.7
2378,28959.1,26892.7
2379,29183.3,26892.7
2380,29172.3,26892.7
2381,29183.3,26892.7
2382,27431.5,26892.7
2383,29183.3,26892.7
2384,30757,26892.7
2385,30902.4,26892.7
2386,31063.9,26892.7
2387,29164.8,26892.7
2388,31063.9,26892.7
2389,30431.6,26892.7
2390,31122.1,26892.7
2391,31121.4,26892.7
2392,30694.9,26892.7
2393,31121.4,26892.7
2394,31082.8,26892.7
2395,31121.4,26892.7
2396,29465,26892.7
2397,29237.1,26892.7
2398,29034.7,26892.7
2399,29237.1,26892.7
2400,29465,26892.7
2401,29392.5,26892.7
2402,29465,26892.7
2403,31121.4,26892.7
2404,31122.1,26892.7
2405,30919.7,26892.7
2406,31122.1,26892.7
2407,29438.9,26892.7
2408,29365.2,26892.7
2409,29438.9,26892.7
2410,31122.1,26892.7
2411,30431.6,26892.7
2412,31117.5,26892.7
2413,30983.3,26892.7
2414,30571.2,26892.7
2415,30983.3,26892.7
2416,31117.5,26892.7
2417,30929.6,26892.7
2418,31117.5,26892.7
2419,29450.1,26892.7
2420,29428.8,26892.7
2421,29290.9,26892.7
2422,29428.8,26892.7
2423,29450.1,26892.7
2424,29375.1,26892.7
2425,29450.1,26892.7
2426,31117.5,26892.7
2427,30431.6,26892.7
2428,30909.4,26892.7
2429,29101.4,26892.7
2430,28816.4,26892.7
2431,29101.4,26892.7
2432,30909.4,26892.7
2433,30848.6,26892.7
2434,29150.6,26892.7
2435,28926.4,26892.7
2436,29150.6,26892.7
2437,29128,26892.7
2438,29150.6,26892.7
2439,27079.8,26892.7
2440,29150.6,26892.7
2441,29070,26892.7
2442,29150.6,26892.7
2443,27792.1,26892.7
2444,29150.6,26892.7
2445,30848.6,26892.7
2446,27118.9,26892.7
2447,30848.6,26892.7
2448,30909.4,26892.7
2449,27533.2,26892.7
2450,30909.4,26892.7
2451,30431.6,26892.7
2452,30998.1,26892.7
2453,30682.7,26892.7
2454,30615.7,26892.7
2455,30682.7,26892.7
2456,30998.1,26892.7
2457,30840,26892.7
2458,30745.5,26892.7
2459,30840,26892.7
2460,30426.8,26892.7
2461,30391.4,26892.7
2462,30426.8,26892.7
2463,30840,26892.7
2464,30998.1,26892.7
2465,29226.3,26892.7
2466,29128.2,26892.7
2467,29226.3,26892.7
2468,30998.1,26892.7
2469,30431.6,26892.7
2470,30606.3,26892.7
2471,30431.6,26892.7
2472,30458.9,26892.7
2473,30431.6,26892.7
2474,29556.1,26892.7
2475,30431.6,26892.7
2476,30266,26892.7
2477,30431.6,26892.7
2478,30573,26892.7
2479,29300.1,26892.7
2480,30573,26892.7
2481,30431.6,26892.7
2482,30546.7,26892.7
2483,29173.7,26892.7
2484,30546.7,26892.7
2485,30284.2,26892.7
2486,30546.7,26892.7
2487,27425.4,26892.7
2488,30546.7,26892.7
2489,30431.6,26892.7
2490,31112.8,26892.7
2491,30431.6,26892.7
2492,30810.6,26892.7
2493,30431.6,26892.7
2494,30720.6,26892.7
2495,30431.6,26892.7
2496,30797,26892.7
2497,30532.7,26892.7
2498,30797,26892.7
2499,30431.6,26892.7
2500,30844.6,26892.7
2501,30431.6,26892.7
2502,29685.9,26892.7
2503,30431.6,26892.7
2504,30643,26892.7
2505,30431.6,26892.7
2506,30779.1,26892.7
2507,30431.6,26892.7
2508,30623.1,26892.7
2509,30431.6,26892.7
2510,30742.1,26892.7
2511,30431.6,26892.7
2512,30441.5,26892.7
2513,30431.6,26892.7
2514,30339.1,26892.7
2515,30431.6,26892.7
2516,30390.4,26892.7
2517,30431.6,26892.7
2518,30251.3,26892.7
2519,30431.6,26892.7
2520,30421.9,26892.7
2521,30431.6,26892.7
2522,30608,26892.7
2523,30431.6,26892.7
2524,29791.2,26892.7
2525,30431.6,26892.7
2526,30371.8,26892.7
2527,29998,26892.7
2528,30371.8,26892.7
2529,29717,26892.7
2530,30371.8,26892.7
2531,30431.6,26892.7
2532,30431.9,26892.7
2533,30431.6,26892.7
2534,30214,26892.7
2535,30431.6,26892.7
2536,30052.2,26892.7
2537,30431.6,26892.7
2538,30372.7,26892.7
2539,30431.6,26892.7
2540,29116,26892.7
2541,30431.6,26892.7
2542,30553.3,26892.7
2543,30431.6,26892.7
2544,30663.5,26892.7
2545,30431.6,26892.7
2546,30290.4,26892.7
2547,30431.6,26892.7
2548,30325,26892.7
2549,30431.6,26892.7
2550,30306.9,26892.7
2551,30431.6,26892.7
2552,30432.8,26892.7
2553,30431.6,26892.7
2554,30673.4,26892.7
2555,30431.6,26892.7
2556,30421.7,26892.7
2557,30431.6,26892.7
2558,30288.1,26892.7
2559,30431.6,26892.7
2560,30231.8,26892.7
2561,30431.6,26892.7
2562,29809.8,26892.7
2563,30431.6,26892.7
2564,30048.1,26892.7
2565,30431.6,26892.7
2566,30153.1,26892.7
2567,30097.6,26892.7
2568,30153.1,26892.7
2569,30431.6,26892.7
2570,30491.3,26892.7
2571,30431.6,26892.7
2572,30335.5,26892.7
2573,30431.6,26892.7
2574,29202.1,26892.7
2575,30431.6,26892.7
2576,30843.3,26892.7
2577,30431.6,26892.7
2578,29113.5,26892.7
2579,30431.6,26892.7
2580,30433,26892.7
2581,30431.6,26892.7
2582,29152,26892.7
2583,30431.6,26892.7
2584,30466.1,26892.7
2585,30431.6,26892.7
2586,30011.4,26892.7
2587,30431.6,26892.7
2588,30220.4,26892.7
2589,30431.6,26892.7
2590,29262.3,26892.7
2591,30431.6,26892.7
2592,29765.2,26892.7
2593,30431.6,26892.7
2594,28239.3,26892.7
2595,30431.6,26892.7
2596,30449,26892.7
2597,30431.6,26892.7
2598,29713.8,26892.7
2599,30431.6,26892.7
2600,29611.8,26892.7
2601,30431.6,26892.7
2602,30149.2,26892.7
2603,30431.6,26892.7
2604,28944.6,26892.7
2605,30431.6,26892.7
2606,30582.4,26892.7
2607,30431.6,26892.7
2608,29263.9,26892.7
2609,30431.6,26892.7
2610,30340,26892.7
2611,30431.6,26892.7
2612,29686.4,26892.7
2613,30431.6,26892.7
2614,30042.9,26892.7
2615,30431.6,26892.7
2616,28528.2,26892.7
2617,30431.6,26892.7
2618,30345.8,26892.7
2619,30431.6,26892.7
2620,27263.2,26892.7
2621,30431.6,26892.7
2622,30442.7,26892.7
2623,30431.6,26892.7
2624,29686.2,26892.7
2625,30431.6,26892.7
2626,30369.3,26892.7
2627,29032,26892.7
2628,30369.3,26892.7
2629,30304.1,26892.7
2630,27600,26892.7
2631,30304.1,26892.7
2632,30223.8,26892.7
2633,30304.1,26892.7
2634,29074.6,26892.7
2635,30304.1,26892.7
2636,30369.3,26892.7
2637,27379.1,26892.7
2638,30369.3,26892.7
2639,30431.6,26892.7
2640,29360.6,26892.7
2641,28023.4,26892.7
2642,27865.2,26892.7
2643,28023.4,26892.7
2644,29360.6,26892.7
2645,28664.1,26892.7
2646,29360.6,26892.7
2647,30431.6,26892.7
2648,30169.4,26892.7
2649,30431.6,26892.7
2650,30216.7,26892.7
2651,30431.6,26892.7
2652,30249.7,26892.7
2653,30431.6,26892.7
2654,30456.9,26892.7
2655,30431.6,26892.7
2656,28078.8,26892.7
2657,30431.6,26892.7
2658,30517.8,26892.7
2659,30431.6,26892.7
2660,30598.7,26892.7
2661,30431.6,26892.7
2662,30176.3,26892.7
2663,30431.6,26892.7
2664,28498.3,26892.7
2665,30431.6,26892.7
2666,30079.7,26892.7
2667,30431.6,26892.7
2668,30073.9,26892.7
2669,30431.6,26892.7
2670,30679.6,26892.7
2671,30431.6,26892.7
2672,29880.6,26892.7
2673,30431.6,26892.7
2674,30170.7,26892.7
2675,30431.6,26892.7
2676,29926.3,26892.7
2677,30431.6,26892.7
2678,28499.6,26892.7
2679,30431.6,26892.7
2680,29808.5,26892.7
2681,30431.6,26892.7
2682,30273.9,26892.7
2683,30431.6,26892.7
2684,28587.4,26892.7
2685,30431.6,26892.7
2686,29974.6,26892.7
2687,30431.6,26892.7
2688,30450.6,26892.7
2689,30431.6,26892.7
2690,30520.9,26892.7
2691,30431.6,26892.7
2692,29617.6,26892.7
2693,30431.6,26892.7
2694,30592.2,26892.7
2695,30431.6,26892.7
2696,28620.4,26892.7
2697,30431.6,26892.7
2698,30510.9,26892.7
2699,30431.6,26892.7
2700,30966.2,26892.7
2701,30431.6,26892.7
2702,30405.9,26892.7
2703,30431.6,26892.7
2704,29664.8,26892.7
2705,30431.6,26892.7
2706,29872.8,26892.7
2707,30431.6,26892.7
2708,30097.8,26892.7
2709,30431.6,26892.7
2710,30346.5,26892.7
2711,30431.6,26892.7
2712,26968.6,26892.7
2713,30431.6,26892.7
2714,30405.7,26892.7
2715,30431.6,26892.7
2716,30271.5,26892.7
2717,30431.6,26892.7
2718,30361.7,26892.7
2719,30431.6,26892.7
2720,30303.2,26892.7
2721,30431.6,26892.7
2722,29429.7,26892.7
2723,30431.6,26892.7
2724,30435.9,26892.7
2725,30431.6,26892.7
2726,30550.5,26892.7
2727,30431.6,26892.7
2728,30582.9,26892.7
2729,30431.6,26892.7
2730,29487.9,26892.7
2731,30431.6,26892.7
2732,30435.1,26892.7
2733,30431.6,26892.7
2734,29566.4,26892.7
2735,30431.6,26892.7
2736,30920.6,26892.7
2737,30431.6,26892.7
2738,29684.9,26892.7
2739,30431.6,26892.7
2740,30354.8,26892.7
2741,30431.6,26892.7
2742,29535.7,26892.7
2743,30431.6,26892.7
2744,30445.9,26892.7
2745,30431.6,26892.7
2746,30789.1,26892.7
2747,29451.9,26892.7
2748,30789.1,26892.7
2749,29380.7,26892.7
2750,30789.1,26892.7
2751,30682.5,26892.7
2752,30789.1,26892.7
2753,30577.5,26892.7
2754,30789.1,26892.7
2755,29979.4,26892.7
2756,30789.1,26892.7
2757,30505.8,26892.7
2758,30789.1,26892.7
2759,30431.6,26892.7
2760,30475.9,26892.7
2761,30431.6,26892.7
2762,30301.5,26892.7
2763,30431.6,26892.7
2764,30181.2,26892.7
2765,30431.6,26892.7
2766,29036.6,26892.7
2767,30431.6,26892.7
2768,30436.8,26892.7
2769,30431.6,26892.7
2770,29182.4,26892.7
2771,30431.6,26892.7
2772,30458.5,26892.7
2773,30431.6,26892.7
2774,29915,26892.7
2775,30431.6,26892.7
2776,30472.5,26892.7
2777,30431.6,26892.7
2778,29815.8,26892.7
2779,30431.6,26892.7
2780,30368.7,26892.7
2781,30431.6,26892.7
2782,30422.3,26892.7
2783,30431.6,26892.7
2784,31177.4,26892.7
2785,30431.6,26892.7
2786,30448.6,26892.7
2787,30431.6,26892.7
2788,30351.8,26892.7
2789,30431.6,26892.7
2790,30044.1,26892.7
2791,30431.6,26892.7
2792,28883.2,26892.7
2793,30431.6,26892.7
2794,30419.7,26892.7
2795,30431.6,26892.7
2796,27167.2,26892.7
2797,30431.6,26892.7
2798,30279.6,26892.7
2799,30431.6,26892.7
2800,30468.9,26892.7
2801,30431.6,26892.7
2802,30557.2,26892.7
2803,30431.6,26892.7
2804,30282.3,26892.7
2805,30431.6,26892.7
2806,30348.4,26892.7
2807,30431.6,26892.7
2808,30592.6,26892.7
2809,30431.6,26892.7
2810,31274.9,26892.7
2811,30431.6,26892.7
2812,30484,26892.7
2813,30431.6,26892.7
2814,29634.1,26892.7
2815,30431.6,26892.7
2816,30430.7,26892.7
2817,30431.6,26892.7
2818,30485.1,26892.7
2819,30431.6,26892.7
2820,30415.6,26892.7
2821,30431.6,26892.7
2822,30427.4,26892.7
2823,30431.6,26892.7
2824,30594.6,26892.7
2825,30431.6,26892.7
2826,30540,26892.7
2827,30431.6,26892.7
2828,29443.5,26892.7
2829,30431.6,26892.7
2830,30384.2,26892.7
2831,30431.6,26892.7
2832,30301.7,26892.7
2833,30431.6,26892.7
2834,29814.4,26892.7
2835,30431.6,26892.7
2836,30573.9,26892.7
2837,30431.6,26892.7
2838,31049.7,26892.7
2839,30431.6,26892.7
2840,31353.9,26892.7
2841,30016.7,26892.7
2842,31353.9,26892.7
2843,30431.6,26892.7
2844,30786.4,26892.7
2845,30431.6,26892.7
2846,30886.1,26892.7
2847,30431.6,26892.7
2848,30126.6,26892.7
2849,30431.6,26892.7
2850,31041.9,26892.7
2851,30431.6,26892.7
2852,31818.4,26892.7
2853,30431.6,26892.7
2854,30215.9,26892.7
2855,30431.6,26892.7
2856,30464.5,26892.7
2857,30431.6,26892.7
2858,30507.1,26892.7
2859,30431.6,26892.7
2860,30587,26892.7
2861,30431.6,26892.7
2862,28840.3,26892.7
2863,30431.6,26892.7
2864,30481,26892.7
2865,30431.6,26892.7
2866,31353.5,26892.7
2867,30431.6,26892.7
2868,30918.4,26892.7
2869,30431.6,26892.7
2870,30363.8,26892.7
2871,30431.6,26892.7
2872,30467.4,26892.7
2873,30431.6,26892.7
2874,30478,26892.7
2875,30431.6,26892.7
2876,30629.8,26892.7
2877,30431.6,26892.7
2878,30250.3,26892.7
2879,30431.6,26892.7
2880,30292.2,26892.7
2881,30431.6,26892.7
2882,31059.2,26892.7
2883,30431.6,26892.7
2884,29996.8,26892.7
2885,30431.6,26892.7
2886,30003.8,26892.7
2887,30431.6,26892.7
2888,30405.5,26892.7
2889,30431.6,26892.7
2890,30359.5,26892.7
2891,30431.6,26892.7
2892,30325.4,26892.7
2893,30431.6,26892.7
2894,30574.4,26892.7
2895,30431.6,26892.7
2896,29486.2,26892.7
2897,30431.6,26892.7
2898,30574.6,26892.7
2899,30431.6,26892.7
2900,30380.3,26892.7
2901,30431.6,26892.7
2902,30900.7,26892.7
2903,30431.6,26892.7
2904,30590,26892.7
2905,30431.6,26892.7
2906,30169.3,26892.7
2907,30431.6,26892.7
2908,30650.1,26892.7
2909,30431.6,26892.7
2910,30335,26892.7
2911,30431.6,26892.7
2912,30927.8,26892.7
2913,30431.6,26892.7
2914,29989,26892.7
2915,30431.6,26892.7
2916,30349.3,26892.7
2917,30431.6,26892.7
2918,30096.5,26892.7
2919,30431.6,26892.7
2920,30299.7,26892.7
2921,30431.6,26892.7
2922,29827.5,26892.7
2923,30431.6,26892.7
2924,30363.9,26892.7
2925,30431.6,26892.7
2926,30595.8,26892.7
2927,30431.6,26892.7
2928,30610.5,26892.7
2929,30431.6,26892.7
2930,30502.4,26892.7
2931,30431.6,26892.7
2932,30542.3,26892.7
2933,30431.6,26892.7
2934,30659.5,26892.7
2935,30431.6,26892.7
2936,31275.9,26892.7
2937,30431.6,26892.7
2938,30298,26892.7
2939,30431.6,26892.7
2940,30049.5,26892.7
2941,30431.6,26892.7
2942,30679.7,26892.7
2943,30431.6,26892.7
2944,30648.9,26892.7
2945,30431.6,26892.7
2946,29910.3,26892.7
2947,30431.6,26892.7
2948,29886.4,26892.7
2949,30431.6,26892.7
2950,29665.7,26892.7
2951,30431.6,26892.7
2952,30431.1,26892.7
2953,30431.6,26892.7
2954,29497.8,26892.7
2955,30431.6,26892.7
2956,30166.3,26892.7
2957,30431.6,26892.7
2958,30765.6,26892.7
2959,30431.6,26892.7
2960,30598.9,26892.7
2961,30431.6,26892.7
2962,29181.5,26892.7
2963,30431.6,26892.7
2964,30829.7,26892.7
2965,30431.6,26892.7
2966,31031.4,26892.7
2967,30431.6,26892.7
2968,30336.1,26892.7
2969,30431.6,26892.7
2970,30112.4,26892.7
2971,30431.6,26892.7
2972,29873.2,26892.7
2973,30431.6,26892.7
2974,30449.3,26892.7
2975,30431.6,26892.7
2976,30484.5,26892.7
2977,30431.6,26892.7
2978,28924.4,26892.7
2979,30431.6,26892.7
2980,30239.3,26892.7
2981,30431.6,26892.7
2982,30316.9,26892.7
2983,30431.6,26892.7
2984,30694.6,26892.7
2985,30431.6,26892.7
2986,31663.4,26892.7
2987,30431.6,26892.7
2988,31659.4,26892.7
2989,30431.6,26892.7
2990,31684.4,26892.7
2991,30431.6,26892.7
2992,31772.3,26892.7
2993,30431.6,26892.7
2994,30765.8,26892.7
2995,30431.6,26892.7
2996,32580.1,26892.7
2997,30431.6,26892.7
2998,30934.7,26892.7
2999,30431.6,26892.7
3000,31592.1,26892.7
3001,30431.6,26892.7
3002,31308.3,26892.7
3003,30431.6,26892.7
3004,31567.4,26892.7
3005,30431.6,26892.7
3006,31115.3,26892.7
3007,30431.6,26892.7
3008,30661.6,26892.7
3009,30431.6,26892.7
3010,30499.6,26892.7
3011,30431.6,26892.7
3012,30605.4,26892.7
3013,30431.6,26892.7
3014,29901.2,26892.7
3015,30431.6,26892.7
3016,31173.3,26892.7
3017,29836.1,26892.7
3018,31173.3,26892.7
3019,28052,26892.7
3020,31173.3,26892.7
3021,29932.6,26892.7
3022,31173.3,26892.7
3023,30431.6,26892.7
3024,31322.4,26892.7
3025,30431.6,26892.7
3026,31535.3,26892.7
3027,30431.6,26892.7
3028,31260.2,26892.7
3029,30431.6,26892.7
3030,30932,26892.7
3031,30431.6,26892.7
3032,31135.9,26892.7
3033,30431.6,26892.7
3034,32315.7,26892.7
3035,30431.6,26892.7
3036,31701.4,26892.7
3037,30431.6,26892.7
3038,31629,26892.7
3039,30431.6,26892.7
3040,30544.9,26892.7
3041,30431.6,26892.7
3042,30412.9,26892.7
3043,30431.6,26892.7
3044,29250.1,26892.7
3045,30431.6,26892.7
3046,31622.6,26892.7
3047,30431.6,26892.7
3048,32592.7,26892.7
3049,30431.6,26892.7
3050,32128.1,26892.7
3051,30790.9,26892.7
3052,32128.1,26892.7
3053,30431.6,26892.7
3054,30560,26892.7
3055,30431.6,26892.7
3056,30903.2,26892.7
3057,30431.6,26892.7
3058,31342.8,26892.7
3059,30431.6,26892.7
3060,31160,26892.7
3061,30431.6,26892.7
3062,31922.6,26892.7
3063,30431.6,26892.7
3064,31758.9,26892.7
3065,30431.6,26892.7
3066,31054,26892.7
3067,30431.6,26892.7
3068,31020.8,26892.7
3069,30431.6,26892.7
3070,31345,26892.7
3071,30431.6,26892.7
3072,30264,26892.7
3073,30431.6,26892.7
3074,30515.3,26892.7
3075,30431.6,26892.7
3076,30592.1,26892.7
3077,30431.6,26892.7
3078,30761.6,26892.7
3079,30431.6,26892.7
3080,31001.6,26892.7
3081,30431.6,26892.7
3082,31890.2,26892.7
3083,30431.6,26892.7
3084,31675,26892.7
3085,30431.6,26892.7
3086,31491,26892.7
3087,30431.6,26892.7
3088,31332.3,26892.7
3089,30431.6,26892.7
3090,30842.9,26892.7
3091,30431.6,26892.7
3092,32425.2,26892.7
3093,30431.6,26892.7
3094,31548,26892.7
3095,30431.6,26892.7
3096,31177.2,26892.7
3097,30431.6,26892.7
3098,30885,26892.7
3099,30431.6,26892.7
3100,31485.7,26892.7
3101,30431.6,26892.7
3102,30592.8,26892.7
3103,30431.6,26892.7
3104,30275.8,26892.7
3105,30431.6,26892.7
3106,30687.3,26892.7
3107,30431.6,26892.7
3108,30664.9,26892.7
3109,30431.6,26892.7
3110,30435.4,26892.7
3111,30431.6,26892.7
3112,29706.7,26892.7
3113,30431.6,26892.7
3114,30684.5,26892.7
3115,30431.6,26892.7
3116,31545.3,26892.7
3117,30431.6,26892.7
3118,30239.7,26892.7
3119,30431.6,26892.7
3120,30513.1,26892.7
3121,30431.6,26892.7
3122,31000.1,26892.7
3123,30431.6,26892.7
3124,30374.7,26892.7
3125,30431.6,26892.7
3126,30329,26892.7
3127,30431.6,26892.7
3128,30590.4,26892.7
3129,30431.6,26892.7
3130,29752.4,26892.7
3131,30431.6,26892.7
3132,30524.3,26892.7
3133,30431.6,26892.7
3134,29997.9,26892.7
3135,30431.6,26892.7
3136,30255.8,26892.7
3137,30431.6,26892.7
3138,30713.3,26892.7
3139,30431.6,26892.7
3140,30811.6,26892.7
3141,29474.4,26892.7
3142,30811.6,26892.7
3143,30431.6,26892.7
3144,31190.3,26892.7
3145,30431.6,26892.7
3146,30661.6,26892.7
3147,30431.6,26892.7
3148,30647.5,26892.7
3149,30431.6,26892.7
3150,30513.1,26892.7
3151,30431.6,26892.7
3152,31689,26892.7
3153,30431.6,26892.7
3154,31154.5,26892.7
3155,30431.6,26892.7
3156,30015.2,26892.7
3157,30431.6,26892.7
3158,30419.1,26892.7
3159,30431.6,26892.7
3160,30591.9,26892.7
3161,30431.6,26892.7
3162,30388.3,26892.7
3163,30431.6,26892.7
3164,29472.6,26892.7
3165,30431.6,26892.7
3166,30237.1,26892.7
3167,30431.6,26892.7
3168,30493.2,26892.7
3169,30431.6,26892.7
3170,30394.9,26892.7
3171,29057.6,26892.7
3172,28899.5,26892.7
3173,29057.6,26892.7
3174,30394.9,26892.7
3175,27273.5,26892.7
3176,30394.9,26892.7
3177,30431.6,26892.7
3178,30324.2,26892.7
3179,30431.6,26892.7
3180,30740.5,26892.7
3181,30431.6,26892.7
3182,30316.6,26892.7
3183,30431.6,26892.7
3184,30607.1,26892.7
3185,30431.6,26892.7
3186,30509.5,26892.7
3187,30431.6,26892.7
3188,29868,26892.7
3189,30431.6,26892.7
3190,30726,26892.7
3191,30431.6,26892.7
3192,30742.6,26892.7
3193,29405.4,26892.7
